"sex","age","race","priors.count","charge.degree","days","score"
2,69,6,0,6,1,0
2,69,6,0,6,1,0
2,34,1,0,6,1,0
2,24,1,4,6,1,0
2,24,1,4,6,1,0
2,24,1,4,6,1,0
2,24,1,4,6,1,0
2,24,1,4,6,1,0
2,23,1,1,6,1,0
2,43,6,2,9,76,0
2,44,6,0,10,0,0
2,43,6,3,6,1,0
2,43,6,3,6,1,0
2,43,6,3,6,1,0
1,39,3,0,10,1,0
2,20,3,0,6,1,0
2,20,3,0,6,1,0
2,20,3,0,6,1,0
2,21,3,1,5,308,0
2,27,3,0,6,1,0
1,37,3,0,10,0,0
2,22,3,0,10,0,0
2,41,1,0,6,1,0
1,47,3,1,6,490,0
1,47,3,1,6,490,0
2,31,1,7,6,71,0
2,31,1,7,6,71,0
2,37,4,0,10,0,0
2,25,1,3,6,1,0
2,25,1,3,6,1,0
2,31,3,5,6,1,0
2,31,3,5,6,1,0
2,31,3,5,6,1,0
2,21,1,1,6,1,0
2,21,1,1,6,1,0
2,21,1,1,6,1,0
2,21,1,1,6,1,0
2,21,1,1,6,1,0
2,21,1,1,6,1,0
2,27,3,0,10,0,0
1,21,3,0,6,2,0
2,24,4,1,6,1,0
2,42,3,1,4,133,0
2,43,3,1,11,1,0
2,32,6,0,10,1,0
1,54,1,0,6,1,0
2,27,1,8,6,1,0
2,27,1,8,6,1,0
2,27,1,8,6,1,0
2,27,1,8,6,1,0
1,36,3,3,6,95,0
1,36,3,3,6,95,0
2,33,1,0,6,1,0
2,33,1,0,6,1,0
2,30,3,9,6,0,0
2,30,3,9,6,0,0
2,32,1,4,6,1,0
2,32,1,4,6,1,0
2,63,1,0,10,1,0
2,27,4,2,6,1,0
2,55,3,0,6,1,0
2,32,1,15,6,0,0
2,38,1,5,6,1,0
2,38,1,5,6,1,0
2,38,1,5,6,1,0
2,49,6,7,6,0,0
2,49,6,7,6,0,0
2,49,6,7,6,0,0
2,26,3,6,11,382,0
2,26,3,6,11,382,0
2,26,3,6,11,382,0
2,24,3,1,10,0,0
2,24,3,1,10,0,0
2,34,1,21,5,0,0
2,34,1,21,5,0,0
2,34,1,21,5,0,0
2,34,1,21,5,0,0
2,29,3,0,10,1,0
1,21,1,2,5,1,0
1,21,1,2,5,1,0
1,21,1,2,5,1,0
1,21,1,2,5,1,0
2,51,1,2,10,1,0
2,29,3,2,10,1,0
2,29,3,2,10,1,0
1,51,1,7,6,1,0
1,51,1,7,6,1,0
2,36,1,22,10,1,0
2,36,1,22,10,1,0
2,29,6,0,10,2,0
2,25,3,9,10,1,0
2,35,1,13,6,1,0
2,49,3,0,10,0,0
2,34,1,4,11,59,0
2,29,1,0,6,1,0
2,29,3,1,6,24,0
2,29,3,1,6,24,0
1,28,6,0,6,1,0
2,51,3,0,6,1,0
2,25,3,0,6,0,0
2,33,3,1,6,0,0
2,33,3,1,6,0,0
1,63,4,1,4,219,0
2,24,1,2,6,1,0
2,24,1,2,6,1,0
2,24,1,2,6,1,0
2,32,3,3,6,1,0
2,49,1,4,10,1,0
1,31,4,0,10,1,0
2,35,1,5,6,1,0
2,33,1,2,5,1,0
2,27,1,15,6,1,0
2,27,1,15,6,1,0
2,27,1,15,6,1,0
2,38,3,4,10,1,0
2,22,1,1,6,1,0
1,34,3,0,10,0,0
2,22,1,2,6,114,0
2,22,1,2,6,114,0
2,22,1,2,6,114,0
2,29,1,4,6,1,0
2,29,1,4,6,1,0
2,29,1,4,6,1,0
2,29,1,4,6,1,0
2,62,4,0,11,1,0
2,33,6,0,10,1,0
1,56,1,0,10,1,0
2,45,4,6,6,1,0
2,45,4,6,6,1,0
2,22,4,1,6,1,0
1,31,3,2,6,1,0
2,34,1,0,6,0,0
2,39,1,1,10,1,0
1,24,4,1,11,325,0
2,40,1,2,6,15,0
2,51,1,1,6,78,0
2,51,1,1,6,78,0
2,22,1,1,10,1,0
2,22,1,1,10,1,0
2,22,1,1,10,1,0
2,22,3,0,6,1,0
2,22,3,0,6,1,0
2,22,3,0,6,1,0
2,22,3,0,6,1,0
2,22,3,0,6,1,0
1,26,1,1,5,1,0
1,59,1,2,6,67,0
2,32,3,3,10,711,0
2,32,1,0,6,1,0
2,41,1,1,11,5185,0
2,50,3,0,10,1,0
2,30,1,8,10,1,0
2,30,1,8,10,1,0
2,30,1,8,10,1,0
2,66,1,0,12,1372,0
2,50,6,0,6,1,0
2,50,6,0,6,1,0
2,25,1,14,5,1,0
2,25,1,14,5,1,0
2,25,1,14,5,1,0
2,25,1,14,5,1,0
2,25,1,14,5,1,0
2,22,1,2,6,0,0
2,22,1,2,6,0,0
2,22,1,2,6,0,0
1,35,1,1,11,1,0
2,26,3,7,6,1,0
2,26,3,7,6,1,0
2,26,3,7,6,1,0
2,25,3,9,6,1,0
2,25,3,9,6,1,0
2,34,1,3,10,21,0
2,39,3,2,6,3,0
2,39,3,2,6,3,0
2,39,3,2,6,3,0
2,39,3,2,6,3,0
2,39,3,2,6,3,0
2,39,3,2,6,3,0
2,39,3,2,6,3,0
2,39,3,2,6,3,0
2,66,3,3,5,64,0
1,54,3,0,10,1,0
1,44,4,0,10,2,0
2,19,1,1,11,10,0
2,24,1,1,5,137,0
2,24,1,1,5,137,0
2,30,1,1,6,1,0
1,39,3,0,6,1,0
1,32,1,8,10,1,0
2,30,3,0,6,1,0
2,30,3,0,6,1,0
2,30,3,0,6,1,0
1,39,3,1,6,1,0
1,39,3,1,6,1,0
1,39,3,1,6,1,0
1,39,3,1,6,1,0
1,39,3,1,6,1,0
2,59,1,14,6,265,0
1,24,6,0,5,1,0
2,43,3,1,6,30,0
2,21,1,2,6,1,0
2,21,1,2,6,1,0
2,21,1,2,6,1,0
2,21,1,2,6,1,0
2,21,1,2,6,1,0
2,21,1,2,6,1,0
1,21,1,0,10,1,0
2,21,1,3,6,1,0
2,21,1,3,6,1,0
2,21,1,3,6,1,0
2,21,1,3,6,1,0
2,21,1,3,6,1,0
2,20,1,0,6,0,0
2,20,1,0,6,0,0
2,20,1,0,6,0,0
2,20,1,0,6,0,0
2,20,1,0,6,0,0
2,20,1,0,6,0,0
2,38,3,5,10,1,0
2,38,3,5,10,1,0
2,27,1,3,6,2,0
2,27,1,3,6,2,0
2,30,1,3,6,0,0
2,37,1,3,6,0,0
2,37,1,3,6,0,0
2,42,3,1,6,1,0
2,42,3,1,6,1,0
2,42,3,1,6,1,0
2,41,1,10,6,0,0
2,41,1,10,6,0,0
2,22,1,0,6,1,0
2,22,1,0,6,1,0
2,33,1,28,6,1,0
2,33,1,28,6,1,0
2,33,1,28,6,1,0
2,44,3,0,11,3,0
2,26,1,9,6,0,0
2,26,1,9,6,0,0
1,30,6,1,6,1,0
1,30,6,1,6,1,0
1,30,6,1,6,1,0
2,31,3,13,6,0,0
2,27,1,3,6,1,0
1,31,3,1,6,1,0
1,31,3,1,6,1,0
2,47,4,2,6,1,0
2,56,1,8,6,79,0
2,56,1,8,6,79,0
2,33,2,2,12,132,0
2,33,2,2,12,132,0
2,33,2,2,12,132,0
2,52,3,3,10,2,0
2,33,1,19,6,1,0
2,33,1,19,6,1,0
2,61,3,0,6,1,0
1,64,3,2,10,48,0
2,42,3,6,6,5,0
2,42,3,6,6,5,0
2,42,3,6,6,5,0
1,25,3,2,6,1,0
1,25,3,2,6,1,0
2,27,3,0,6,1,0
2,30,3,1,11,20,0
2,28,3,2,6,161,0
1,37,6,2,11,222,0
2,28,3,0,11,1,0
2,28,3,0,11,1,0
2,28,3,0,11,1,0
1,24,1,0,10,1,0
2,37,1,13,6,5,0
2,37,1,13,6,5,0
2,22,1,0,5,1,0
2,22,1,0,5,1,0
1,29,3,10,6,1,0
1,29,3,10,6,1,0
1,29,3,10,6,1,0
1,29,3,10,6,1,0
1,25,3,0,6,1,0
1,25,3,0,6,1,0
2,44,3,2,10,1,0
2,53,4,1,6,1,0
2,34,6,1,10,0,0
2,31,3,2,10,16,0
2,27,1,5,6,78,0
2,27,1,5,6,78,0
2,31,1,1,11,1,0
2,59,3,1,6,1,0
2,59,3,1,6,1,0
2,59,3,1,6,1,0
2,28,1,15,5,1,0
1,45,3,4,6,375,0
2,23,3,0,10,1,0
1,20,1,1,6,0,0
1,20,1,1,6,0,0
1,20,1,1,6,0,0
2,42,1,2,5,41,0
1,43,3,0,10,0,0
2,38,1,9,6,1,0
2,38,1,9,6,1,0
2,38,1,9,6,1,0
2,38,1,9,6,1,0
2,38,1,9,6,1,0
2,55,1,4,12,1480,0
2,55,1,4,12,1480,0
2,55,1,4,12,1480,0
1,31,1,0,6,1,0
1,31,1,0,6,1,0
1,31,1,0,6,1,0
1,33,1,7,6,1,0
1,33,1,7,6,1,0
1,33,1,7,6,1,0
2,27,1,2,6,1,0
2,27,1,2,6,1,0
2,27,1,2,6,1,0
2,27,1,2,6,1,0
2,52,1,0,11,1,0
2,25,1,4,10,1,0
1,61,1,1,6,1,0
2,63,4,1,6,26,0
1,32,1,4,6,7,0
2,29,4,1,6,1,0
1,46,6,1,4,72,0
1,26,1,2,10,1,0
2,55,1,3,10,52,0
2,39,3,1,15,1672,0
2,48,3,2,10,1,0
2,33,3,0,10,1,0
2,22,1,1,6,1,0
2,22,1,1,6,1,0
2,46,3,6,6,31,0
2,46,3,6,6,31,0
2,41,3,5,6,1,0
2,31,1,0,10,1,0
2,25,1,1,10,1,0
2,25,1,1,10,1,0
2,31,1,3,9,19,0
2,23,4,0,6,2,0
2,52,4,2,11,1,0
2,52,4,2,11,1,0
2,62,1,8,6,1,0
1,37,3,6,6,111,0
1,37,3,6,6,111,0
2,55,3,1,6,45,0
2,31,4,8,6,61,0
2,31,4,8,6,61,0
2,31,4,8,6,61,0
2,54,4,2,5,1,0
2,58,4,0,6,1,0
2,58,4,0,6,1,0
2,78,3,1,10,1,0
2,56,3,0,6,1,0
2,21,4,1,10,155,0
2,24,6,0,5,1,0
2,38,1,22,6,35,0
2,38,1,22,6,35,0
2,38,1,22,6,35,0
2,35,3,0,6,1,0
2,47,1,23,10,1,0
2,47,1,23,10,1,0
2,47,1,23,10,1,0
2,47,1,23,10,1,0
2,47,1,23,10,1,0
2,47,1,23,10,1,0
2,23,1,0,10,1,0
2,23,1,0,10,1,0
2,57,4,1,6,0,0
2,66,1,3,5,10,0
2,45,3,8,10,0,0
2,45,3,8,10,0,0
2,45,6,2,6,117,0
2,32,1,13,5,1,0
2,32,1,13,5,1,0
2,37,1,2,10,0,0
2,39,3,0,6,0,0
2,39,3,0,6,0,0
2,26,1,9,5,1,0
2,26,1,9,5,1,0
2,25,1,3,6,0,0
2,45,3,2,6,1,0
1,57,3,7,6,0,0
1,57,3,7,6,0,0
2,23,1,0,6,1,0
2,34,1,2,10,1,0
2,34,1,2,10,1,0
2,38,1,14,6,1,0
2,38,1,14,6,1,0
2,38,1,14,6,1,0
2,38,1,14,6,1,0
1,23,1,1,10,1,0
2,36,6,2,10,1,0
2,36,6,2,10,1,0
2,50,3,1,6,4,0
2,50,3,1,6,4,0
1,37,3,0,11,1,0
2,44,3,4,10,0,0
1,35,1,23,6,1,0
2,31,3,1,4,36,0
2,40,2,3,4,109,0
2,40,2,3,4,109,0
2,26,1,2,6,1,0
2,26,1,2,6,1,0
2,26,1,2,6,1,0
2,26,1,2,6,1,0
2,26,1,2,6,1,0
2,27,1,0,10,1,0
1,31,3,1,10,1,0
1,28,1,0,5,1,0
1,28,3,7,6,1,0
1,28,3,7,6,1,0
1,28,3,7,6,1,0
1,28,3,7,6,1,0
2,38,1,0,6,1,0
2,38,1,2,6,1,0
2,38,1,2,6,1,0
2,27,3,2,11,36,0
1,28,1,1,4,1,0
1,28,1,1,4,1,0
2,56,3,7,6,1,0
2,38,1,15,6,1,0
2,28,4,0,10,5,0
1,24,6,1,6,1,0
2,61,3,1,6,34,0
1,51,3,0,10,1,0
2,51,3,0,10,1,0
2,20,3,0,6,1,0
2,36,6,1,10,1,0
2,36,6,1,10,1,0
2,36,6,1,10,1,0
2,48,1,0,6,1,0
2,37,3,4,6,0,0
2,37,3,4,6,0,0
2,37,3,4,6,0,0
2,27,1,11,5,1,0
2,37,1,0,10,1,0
2,33,6,4,6,1,0
2,54,1,11,6,1,0
2,23,1,2,4,1,0
1,26,1,2,9,227,0
2,41,1,0,10,0,0
2,52,3,0,6,1,0
2,43,3,13,6,1,0
2,43,3,13,6,1,0
2,52,1,0,6,1,0
2,28,3,1,6,3,0
2,30,1,11,10,1,0
2,30,1,11,10,1,0
2,47,3,1,5,38,0
1,34,1,0,10,1,0
2,22,1,0,6,1,0
2,30,1,4,6,0,0
2,25,4,4,6,0,0
2,31,3,0,5,1,0
2,31,3,0,5,1,0
2,37,3,0,6,1,0
2,37,3,0,6,1,0
2,37,3,0,6,1,0
2,32,1,14,5,1,0
2,26,1,4,10,1562,0
2,26,1,4,10,1562,0
2,26,1,4,10,1562,0
2,53,3,1,10,1,0
2,28,1,25,6,70,0
2,28,1,25,6,70,0
2,28,1,25,6,70,0
2,28,1,25,6,70,0
2,25,1,0,6,1,0
1,30,6,0,10,1,0
2,22,3,1,10,0,0
2,22,3,1,10,0,0
1,30,1,2,5,153,0
1,37,6,0,10,2,0
1,33,3,0,6,1,0
1,40,6,3,6,1,0
2,24,6,0,10,1,0
2,30,3,4,6,140,0
2,22,1,3,11,208,0
2,22,1,3,11,208,0
2,27,1,3,10,46,0
2,27,1,3,10,46,0
1,31,4,0,10,1,0
2,47,1,0,10,1,0
2,24,4,0,10,3,0
2,29,1,1,10,1,0
2,20,1,1,6,1,0
2,39,3,1,10,1,0
2,38,1,1,10,729,0
2,39,6,0,5,1,0
2,39,6,0,5,1,0
2,27,1,4,6,1,0
2,27,1,4,6,1,0
2,18,1,2,9,5,0
2,18,1,2,9,5,0
2,18,1,2,9,5,0
2,31,3,2,10,1016,0
2,31,3,2,10,1016,0
1,37,1,2,6,0,0
1,37,1,2,6,0,0
2,31,3,0,6,1,0
2,27,1,2,6,1,0
2,20,1,0,6,1,0
2,46,1,5,10,1422,0
1,52,1,0,6,1,0
1,23,1,0,6,1,0
1,48,1,0,6,1,0
2,22,1,3,10,1,0
2,22,1,3,10,1,0
2,22,1,3,10,1,0
2,22,1,3,10,1,0
2,22,1,3,10,1,0
2,22,1,3,10,1,0
2,22,1,3,10,1,0
1,22,3,1,6,1,0
2,35,1,2,6,1,0
2,32,3,2,6,232,0
1,41,1,2,10,1,0
2,35,3,9,6,0,0
2,43,1,0,5,0,0
1,25,6,0,6,1,0
2,43,1,0,6,1,0
2,37,1,0,10,0,0
2,47,6,1,10,1,0
1,45,3,3,6,1,0
2,23,1,2,6,1,0
2,37,3,3,6,4,0
2,28,1,3,10,100,0
2,70,3,1,10,13,0
2,54,3,6,6,322,0
2,54,3,6,6,322,0
2,46,3,3,6,1,0
2,21,1,0,11,1,0
2,21,1,0,11,1,0
2,26,1,1,10,1,0
2,38,4,3,6,82,0
2,38,4,3,6,82,0
2,34,3,5,10,1,0
1,34,3,0,6,1,0
1,34,3,0,6,1,0
2,34,1,5,11,1,0
1,32,1,3,10,26,0
2,34,1,5,6,1,0
2,34,1,5,6,1,0
2,34,1,5,6,1,0
2,34,1,5,6,1,0
2,34,1,5,6,1,0
2,30,1,2,5,83,0
2,39,1,6,5,1,0
2,39,1,6,5,1,0
2,39,1,6,5,1,0
2,39,1,6,5,1,0
2,39,1,6,5,1,0
2,24,6,0,6,1,0
2,33,3,1,10,93,0
2,33,3,0,6,1,0
2,40,3,6,10,2417,0
2,58,3,2,5,1,0
2,44,2,2,5,372,0
2,56,1,13,6,1,0
2,23,1,4,10,11,0
2,23,1,4,10,11,0
2,23,1,4,10,11,0
2,23,1,4,10,11,0
2,62,3,0,6,0,0
2,62,3,0,6,0,0
2,62,3,0,6,0,0
2,27,1,4,10,707,0
2,27,1,4,10,707,0
2,27,1,4,10,707,0
2,27,1,4,10,707,0
2,57,6,6,10,1,0
2,37,3,5,6,1,0
2,43,6,2,6,1,0
1,32,1,5,5,2,0
1,33,1,2,6,1,0
1,33,1,2,6,1,0
2,23,4,0,6,1,0
2,23,4,0,6,1,0
2,27,1,0,10,1,0
2,44,3,0,10,1,0
2,44,3,0,10,1,0
2,28,3,3,10,1,0
2,28,3,3,10,1,0
1,42,3,0,6,3,0
1,42,3,0,6,3,0
2,24,6,9,6,1,0
2,27,1,0,5,0,0
2,20,1,0,6,1,0
2,20,1,0,6,1,0
2,20,1,0,6,1,0
2,24,1,1,6,1,0
2,24,1,1,6,1,0
2,24,1,1,6,1,0
2,31,3,6,6,1,0
1,51,3,0,10,1,0
2,56,3,0,10,1,0
2,54,1,1,6,256,0
2,54,1,1,6,256,0
2,29,1,7,6,1,0
2,42,3,0,5,1,0
2,20,1,0,6,1,0
2,20,1,0,6,1,0
2,20,1,0,6,1,0
2,20,1,0,6,1,0
2,53,3,6,6,176,0
2,48,1,8,10,1072,0
2,48,1,8,10,1072,0
2,24,6,0,6,1,0
2,24,1,2,6,1,0
2,24,1,2,6,1,0
2,24,1,2,6,1,0
2,24,1,2,6,1,0
1,22,1,0,6,1,0
2,36,3,0,10,0,0
2,28,3,2,10,1,0
2,46,4,1,6,28,0
2,21,6,0,6,0,0
2,45,1,1,5,1,0
1,25,3,2,11,2,0
1,25,3,2,11,2,0
1,25,3,2,11,2,0
1,25,3,2,11,2,0
1,23,4,1,11,1,0
1,23,4,1,11,1,0
2,54,4,2,6,1,0
1,21,1,0,6,1,0
1,21,1,0,6,1,0
1,21,1,0,6,1,0
1,21,1,0,6,1,0
1,21,1,0,6,1,0
2,36,3,0,10,1,0
2,24,1,0,6,1,0
2,30,6,1,6,1,0
2,29,1,0,6,1,0
2,22,1,2,5,1,0
2,31,1,8,5,770,0
2,31,1,8,5,770,0
2,38,1,2,6,1127,0
2,38,1,2,6,1127,0
2,51,4,1,11,2,0
2,33,6,3,6,94,0
2,37,1,4,10,1,0
2,32,1,12,6,1,0
2,32,1,12,6,1,0
2,47,1,3,6,0,0
2,47,1,3,6,0,0
1,32,4,1,6,80,0
2,37,3,0,6,0,0
2,37,3,0,6,0,0
2,37,3,0,6,0,0
2,19,1,2,6,1,0
2,19,1,2,6,1,0
2,19,1,2,6,1,0
2,27,4,0,10,1,0
2,39,6,0,10,1,0
2,69,3,0,11,1,0
2,36,3,3,6,106,0
2,36,3,3,6,106,0
2,36,3,3,6,106,0
2,26,1,6,10,0,0
2,26,1,6,10,0,0
2,26,1,6,10,0,0
2,26,1,6,10,0,0
2,26,1,6,10,0,0
2,26,1,6,10,0,0
2,26,1,6,10,0,0
2,22,3,0,6,3,0
2,28,3,0,6,2,0
2,29,1,2,10,1,0
2,29,1,2,10,1,0
1,60,3,0,10,1,0
2,23,1,3,6,1,0
2,23,1,3,6,1,0
2,30,3,0,10,2,0
1,20,6,1,4,21,0
1,20,6,1,4,21,0
2,36,4,1,6,1,0
2,36,4,1,6,1,0
2,30,3,0,6,1,0
2,21,1,1,6,2,0
2,34,1,11,10,1,0
2,57,1,18,6,1834,0
2,29,3,2,11,1,0
2,36,1,1,6,32,0
2,29,1,7,10,24,0
2,21,1,4,6,0,0
2,21,1,4,6,0,0
2,21,1,4,6,0,0
2,37,1,1,6,5935,0
2,33,3,3,6,1,0
2,33,3,3,6,1,0
2,33,3,3,6,1,0
2,33,3,3,6,1,0
2,34,3,1,10,0,0
2,27,3,0,10,1,0
1,50,3,1,10,1,0
1,50,3,1,10,1,0
2,26,1,1,6,1,0
2,25,1,7,6,1,0
2,25,1,7,6,1,0
1,53,3,1,10,1,0
1,24,1,0,6,1,0
2,39,3,2,10,0,0
2,42,1,1,5,13,0
2,28,1,1,10,1,0
2,24,3,1,11,37,0
1,23,4,0,10,1,0
2,26,1,6,6,1,0
2,26,1,6,6,1,0
2,26,1,6,6,1,0
2,22,3,1,11,22,0
2,22,1,4,6,1,0
2,37,1,23,6,1,0
2,37,1,23,6,1,0
2,37,1,23,6,1,0
2,37,1,23,6,1,0
2,37,1,23,6,1,0
2,44,3,0,10,0,0
2,64,3,13,6,499,0
2,53,1,2,6,1,0
2,60,1,1,4,1183,0
2,29,1,7,6,1,0
2,29,1,7,6,1,0
1,44,1,2,12,1032,0
2,48,3,23,6,1,0
2,23,1,0,6,1,0
2,48,4,8,6,1,0
1,52,3,0,10,1,0
2,44,1,7,10,1,0
2,27,1,12,6,1,0
2,27,1,12,6,1,0
2,28,1,5,6,0,0
2,28,1,5,6,0,0
2,33,3,3,10,1,0
1,28,4,0,9,1,0
2,47,3,5,6,312,0
2,47,3,5,6,312,0
2,22,1,0,10,0,0
2,22,1,0,10,0,0
2,22,1,0,10,0,0
2,22,1,0,10,0,0
2,40,3,0,10,0,0
2,65,3,0,10,0,0
2,25,3,0,6,1,0
2,68,3,2,6,150,0
1,32,3,1,6,1,0
2,56,1,5,6,1,0
2,56,1,5,6,1,0
2,27,1,9,5,1,0
2,27,1,9,5,1,0
2,27,1,9,5,1,0
2,52,3,4,6,1,0
2,52,3,4,6,1,0
2,52,3,4,6,1,0
1,31,1,0,5,1,0
2,32,1,3,6,1,0
2,32,1,3,6,1,0
2,32,1,3,6,1,0
2,60,6,4,6,1,0
2,60,6,4,6,1,0
2,31,1,4,5,1,0
2,31,1,4,5,1,0
2,51,3,3,3,341,0
2,23,4,1,11,5,0
2,56,3,0,10,1,0
1,27,1,1,6,31,0
1,47,3,1,6,1,0
2,25,3,0,10,0,0
2,25,3,0,10,0,0
2,21,4,0,10,0,0
2,22,3,0,6,1,0
1,43,4,0,11,3,0
1,59,3,0,6,2,0
1,58,3,2,10,23,0
1,58,3,2,10,23,0
2,53,1,4,6,25,0
2,53,1,4,6,25,0
2,31,1,7,10,1,0
2,31,1,7,10,1,0
2,31,1,7,10,1,0
2,42,6,1,6,1,0
1,41,3,0,10,2,0
2,29,1,8,6,614,0
2,29,1,8,6,614,0
2,48,4,1,11,0,0
2,37,3,0,6,0,0
2,27,3,3,10,22,0
2,26,1,3,5,0,0
2,26,1,3,5,0,0
2,24,3,3,6,0,0
2,24,3,3,6,0,0
2,24,3,3,6,0,0
2,24,3,3,6,0,0
2,24,3,3,6,0,0
2,24,3,3,6,0,0
2,24,3,3,6,0,0
2,33,3,0,5,1,0
2,28,3,1,6,1,0
1,24,1,3,6,1,0
1,24,1,3,6,1,0
2,24,3,0,10,1,0
2,19,3,1,6,1,0
2,19,3,1,6,1,0
2,19,3,1,6,1,0
2,19,3,1,6,1,0
2,19,3,1,6,1,0
2,36,3,2,10,1,0
2,33,6,0,6,1,0
2,32,3,0,10,1,0
2,34,3,0,10,0,0
2,31,1,1,6,0,0
2,24,1,4,6,1,0
2,20,1,1,6,1,0
2,20,1,1,6,1,0
2,20,1,1,6,1,0
2,22,1,1,6,1,0
2,24,1,1,10,1,0
2,61,3,4,6,1,0
1,27,3,1,6,14,0
1,27,3,1,6,14,0
1,27,3,1,6,14,0
1,50,1,3,6,1,0
2,30,1,1,10,1,0
2,38,1,5,6,1,0
2,24,3,0,10,1,0
2,27,1,2,6,1,0
2,34,3,0,10,1,0
2,45,1,16,6,77,0
1,46,1,2,6,1,0
1,46,1,2,6,1,0
1,46,1,2,6,1,0
2,41,3,0,10,1,0
2,20,6,0,6,1,0
2,27,1,13,10,1,0
1,51,1,16,6,122,0
2,28,3,1,5,1,0
2,55,1,5,6,1,0
2,46,3,2,10,11,0
2,59,3,0,11,1,0
2,26,1,10,5,1,0
2,26,1,10,5,1,0
2,28,1,5,6,1,0
2,63,3,2,6,3,0
2,63,3,2,6,3,0
2,42,1,0,6,0,0
2,21,1,1,6,1,0
2,57,1,2,4,1,0
2,54,1,28,6,1,0
2,54,1,28,6,1,0
2,54,1,28,6,1,0
2,42,3,1,6,0,0
1,24,1,6,5,1,0
1,24,1,6,5,1,0
1,24,1,6,5,1,0
1,24,1,6,5,1,0
1,24,1,6,5,1,0
1,24,1,6,5,1,0
2,54,1,2,10,26,0
2,40,4,1,10,0,0
2,40,4,1,10,0,0
2,35,1,1,10,1,0
2,20,1,1,6,0,0
2,20,1,1,6,0,0
2,20,1,1,6,0,0
2,20,1,1,6,0,0
2,20,1,1,6,0,0
2,20,1,1,6,0,0
2,24,1,1,6,243,0
2,51,3,0,6,0,0
2,24,4,0,6,1,0
2,37,3,3,6,14,0
1,46,1,0,5,3,0
2,47,3,3,6,1,0
2,44,1,3,5,237,0
2,56,3,0,6,2,0
2,34,4,4,5,1,0
2,34,4,4,5,1,0
2,59,3,1,9,3,0
2,59,3,1,9,3,0
2,59,3,1,9,3,0
2,58,4,1,6,11,0
2,29,4,2,10,26,0
1,53,3,1,10,23,0
2,29,3,1,6,66,0
2,29,3,1,6,66,0
2,30,1,4,10,1,0
1,24,3,6,6,1,0
2,21,3,2,11,1,0
2,26,1,2,11,16,0
2,33,3,0,6,3,0
2,26,1,1,6,1,0
1,30,3,0,10,1,0
2,37,3,5,6,1,0
1,60,3,5,10,2,0
2,29,3,6,6,43,0
2,29,3,6,6,43,0
2,55,4,0,6,1,0
2,29,3,0,10,1,0
2,54,1,0,10,1,0
2,29,1,4,6,1,0
2,29,1,4,6,1,0
2,29,1,12,5,1,0
2,29,1,12,5,1,0
1,59,3,0,10,2,0
2,27,3,1,10,1,0
2,27,3,1,10,1,0
2,27,3,1,10,1,0
2,52,4,20,5,1,0
2,52,4,20,5,1,0
2,52,4,20,5,1,0
2,22,1,0,6,1,0
2,51,3,1,10,1,0
2,51,3,1,10,1,0
2,35,3,1,6,0,0
2,71,3,2,10,17,0
2,36,1,0,10,1,0
2,52,3,4,10,1,0
2,39,3,4,5,1,0
2,39,3,4,5,1,0
1,35,1,12,11,55,0
1,35,1,12,11,55,0
2,25,1,2,5,1,0
2,55,1,1,6,1,0
1,62,4,0,6,1,0
1,26,1,0,10,1,0
1,48,3,0,11,0,0
2,30,4,7,10,1,0
2,28,6,2,10,1,0
2,33,1,2,10,0,0
2,33,1,2,10,0,0
1,34,1,6,6,1,0
1,34,1,6,6,1,0
1,22,1,1,6,1,0
2,25,6,0,10,0,0
2,42,6,0,10,0,0
2,24,3,0,6,0,0
2,24,3,0,6,0,0
2,58,3,0,6,2,0
2,58,3,0,6,2,0
1,54,3,2,6,1,0
2,55,1,0,10,1,0
2,30,1,0,10,0,0
2,20,1,0,6,1,0
2,20,1,0,6,1,0
2,20,1,0,6,1,0
2,20,1,0,6,1,0
2,20,1,0,6,1,0
2,20,1,0,6,1,0
2,25,3,4,6,6,0
2,24,3,0,5,1,0
2,23,3,0,10,1,0
2,23,3,0,10,1,0
2,27,3,6,6,1,0
2,27,3,6,6,1,0
2,53,1,1,6,0,0
2,25,1,1,10,2,0
2,25,1,1,10,2,0
1,29,6,0,6,1,0
2,31,1,0,6,1,0
2,25,1,6,6,2,0
2,25,1,6,6,2,0
2,25,1,6,6,2,0
2,32,3,1,5,7,0
2,21,3,0,6,2,0
2,37,6,1,6,1,0
2,25,3,0,6,1,0
2,25,3,0,6,1,0
2,21,1,0,10,0,0
2,32,4,20,6,0,0
2,34,3,28,6,86,0
2,24,3,9,10,23,0
2,24,3,9,10,23,0
2,24,3,9,10,23,0
2,24,3,9,10,23,0
1,26,3,1,6,1,0
1,26,3,0,6,1,0
2,22,3,6,6,251,0
2,22,3,6,6,251,0
2,47,3,1,10,1,0
2,71,3,0,10,1,0
1,21,1,0,10,1,0
2,68,3,0,11,0,0
2,27,1,5,5,1,0
2,27,1,5,5,1,0
2,27,1,5,5,1,0
2,43,4,2,10,12,0
2,43,4,2,10,12,0
2,44,1,1,11,0,0
1,39,3,0,5,1,0
2,23,3,2,6,1,0
1,50,4,1,6,1320,0
2,24,1,0,10,1,0
1,48,6,0,6,1,0
2,39,1,3,6,1,0
2,39,1,3,6,1,0
2,39,1,3,6,1,0
2,63,3,1,10,9,0
2,50,1,3,10,1,0
2,38,1,0,9,1,0
2,28,1,16,5,1,0
2,28,1,16,5,1,0
1,30,1,0,10,0,0
2,21,3,0,5,1,0
2,25,3,2,6,13,0
2,25,3,2,6,13,0
2,25,3,2,6,13,0
2,25,3,2,6,13,0
2,53,3,2,10,2005,0
2,40,3,5,6,1,0
2,40,3,5,6,1,0
2,24,4,8,6,0,0
1,23,3,3,11,65,0
2,27,1,5,11,0,0
2,27,1,5,11,0,0
2,27,1,5,11,0,0
1,37,1,0,6,1,0
2,44,3,11,10,0,0
1,35,1,6,6,1,0
2,42,3,0,10,0,0
1,25,1,0,10,1,0
2,34,3,0,10,1,0
2,24,3,1,5,280,0
2,64,4,1,6,9,0
1,49,3,2,10,0,0
1,49,3,2,10,0,0
1,49,3,2,10,0,0
1,49,3,2,10,0,0
2,50,3,5,6,1,0
2,50,3,5,6,1,0
2,50,3,5,6,1,0
2,66,3,0,10,0,0
1,46,3,0,10,1,0
1,22,3,0,10,1,0
2,23,3,1,11,1,0
2,23,3,1,11,1,0
2,24,1,10,5,0,0
2,24,1,10,5,0,0
2,24,1,10,5,0,0
2,31,4,0,11,2,0
2,56,3,3,10,1,0
2,31,6,1,6,1,0
2,31,6,1,6,1,0
2,28,1,4,5,366,0
2,28,1,4,5,366,0
2,28,1,4,5,366,0
2,28,1,4,5,366,0
2,25,1,0,11,1,0
2,27,1,0,10,1,0
2,20,4,0,10,1,0
2,20,4,0,10,1,0
2,20,4,0,10,1,0
2,32,4,1,6,27,0
1,24,3,0,10,1,0
2,20,1,1,9,1,0
2,26,1,1,6,56,0
1,48,4,0,10,1,0
2,26,2,0,10,1,0
2,31,1,3,10,20,0
2,31,1,3,10,20,0
2,31,1,3,10,20,0
2,31,1,3,10,20,0
2,40,1,0,6,1,0
2,22,1,11,6,1,0
2,22,1,11,6,1,0
2,22,1,11,6,1,0
2,22,1,11,6,1,0
2,22,1,11,6,1,0
2,22,1,11,6,1,0
2,22,1,11,6,1,0
1,38,1,1,5,1,0
2,36,4,1,10,101,0
2,36,4,1,10,101,0
2,50,6,4,10,1,0
2,43,1,1,10,0,0
1,59,3,0,11,1,0
2,37,3,2,10,2,0
2,38,3,0,6,0,0
1,33,3,0,10,1,0
2,24,3,2,6,1,0
2,22,1,0,6,1,0
2,22,1,0,6,1,0
2,22,1,0,6,1,0
2,60,4,0,6,7,0
2,43,4,1,11,44,0
2,28,3,1,6,1,0
2,28,3,1,6,1,0
2,28,3,1,6,1,0
2,51,3,0,10,1,0
2,33,3,0,6,1,0
2,33,3,0,6,1,0
1,58,3,0,10,1,0
2,63,1,2,10,1,0
1,28,3,0,10,1,0
1,28,3,0,10,2,0
2,29,3,2,10,57,0
2,29,3,2,10,57,0
2,29,3,2,10,57,0
2,29,3,2,10,57,0
2,28,1,10,6,0,0
2,28,1,10,6,0,0
2,26,1,6,10,164,0
2,55,1,9,12,0,0
2,55,1,9,12,0,0
2,55,1,9,12,0,0
2,55,1,9,12,0,0
1,23,3,3,6,1,0
1,23,3,3,6,1,0
1,19,3,2,6,2,0
1,19,3,2,6,2,0
1,19,3,2,6,2,0
1,19,3,2,6,2,0
1,19,3,2,6,2,0
2,23,1,4,6,0,0
2,23,1,4,6,0,0
2,23,1,4,6,0,0
2,23,1,4,6,0,0
2,31,1,1,10,28,0
2,29,1,0,10,0,0
2,24,1,4,6,175,0
2,24,1,4,6,175,0
2,24,1,4,6,175,0
2,26,4,0,6,1,0
2,31,4,0,11,0,0
2,31,4,0,11,0,0
2,20,1,4,6,1,0
2,20,1,4,6,1,0
2,20,1,4,6,1,0
1,22,4,0,10,0,0
2,27,3,5,10,0,0
2,38,1,0,6,1,0
2,51,3,1,6,1,0
2,27,1,18,6,1,0
2,27,1,18,6,1,0
2,27,1,18,6,1,0
2,27,1,18,6,1,0
2,27,1,18,6,1,0
1,35,3,0,6,0,0
1,35,3,0,6,0,0
2,22,6,0,6,1,0
1,58,1,4,6,14,0
2,44,1,6,6,56,0
1,57,3,0,11,2,0
2,36,6,6,9,4,0
2,36,6,6,9,4,0
2,21,1,0,6,1,0
1,22,1,0,6,1,0
2,30,1,0,5,1,0
2,24,3,1,6,6,0
2,24,3,1,6,6,0
2,24,3,1,6,6,0
2,56,3,1,10,1,0
2,32,1,1,6,1,0
2,32,1,1,6,1,0
2,22,3,2,6,41,0
2,31,4,1,5,50,0
2,29,3,3,6,61,0
2,29,3,3,6,61,0
2,30,1,8,6,1,0
2,30,1,8,6,1,0
2,53,4,0,4,1,0
2,39,3,2,6,13,0
2,39,3,2,6,13,0
2,23,4,0,6,1,0
2,31,1,0,6,1,0
2,31,1,0,6,1,0
2,31,1,0,6,1,0
2,22,1,1,6,1,0
2,22,1,1,6,1,0
1,27,1,9,5,68,0
1,27,1,9,5,68,0
2,38,3,1,6,1,0
2,31,1,23,6,0,0
2,31,1,23,6,0,0
2,31,1,23,6,0,0
2,47,1,20,6,1,0
2,35,1,1,10,1159,0
2,65,1,2,10,18,0
2,35,1,0,11,1,0
1,33,1,0,6,1,0
1,33,1,0,6,1,0
2,53,3,1,10,10,0
2,52,4,0,6,1,0
2,36,1,1,6,1,0
2,62,4,0,10,1,0
2,44,1,0,6,1,0
2,37,1,11,5,1,0
2,37,1,11,5,1,0
2,30,6,4,11,1,0
1,36,1,3,5,78,0
2,54,6,0,6,1,0
1,31,1,0,10,1,0
1,59,3,2,6,400,0
1,59,3,2,6,400,0
2,27,1,0,10,1,0
2,46,1,17,6,1,0
2,46,1,17,6,1,0
2,22,1,3,6,0,0
2,30,3,0,10,2,0
1,28,3,0,10,1,0
1,28,3,0,10,1,0
1,34,3,15,6,5,0
1,34,3,15,6,5,0
2,29,4,7,6,2,0
2,29,4,7,6,2,0
2,29,4,7,6,2,0
1,46,1,2,6,1,0
2,23,1,2,10,0,0
2,23,1,2,10,0,0
2,65,3,2,10,5,0
2,27,1,3,6,1,0
2,27,1,3,6,1,0
2,48,3,3,6,4,0
2,48,3,3,6,4,0
2,30,1,15,5,248,0
2,30,1,15,5,248,0
2,30,1,15,5,248,0
2,30,1,15,5,248,0
2,30,1,15,5,248,0
2,36,1,3,5,0,0
2,36,1,3,5,0,0
1,32,1,2,6,44,0
2,20,1,0,6,1,0
2,37,3,3,6,0,0
2,44,1,14,6,1,0
2,53,3,2,6,2,0
2,32,1,2,10,1,0
2,33,1,3,11,1,0
2,33,1,3,11,1,0
2,33,1,3,11,1,0
1,27,1,1,6,1,0
1,27,1,1,6,1,0
1,27,1,1,6,1,0
2,21,1,2,6,273,0
2,33,1,4,6,557,0
2,28,1,2,11,1,0
2,44,1,1,6,1,0
2,44,1,1,6,1,0
2,46,1,0,6,1,0
2,37,1,6,6,0,0
2,51,3,0,10,1,0
2,27,1,10,6,0,0
2,27,1,10,6,0,0
2,27,1,10,6,0,0
2,40,3,1,6,1,0
1,60,3,9,6,0,0
2,53,3,1,4,7,0
1,37,3,1,5,9,0
2,28,1,0,6,1,0
2,23,4,0,10,0,0
2,21,1,1,6,1,0
2,21,1,1,6,1,0
2,21,1,1,6,1,0
1,46,3,2,6,1,0
1,46,3,2,6,1,0
2,61,1,2,6,2,0
2,37,1,5,5,28,0
2,30,3,3,6,105,0
2,30,3,3,6,105,0
2,44,1,1,13,503,0
2,50,1,18,6,1,0
2,50,1,18,6,1,0
2,50,1,18,6,1,0
1,49,1,0,6,1,0
2,45,1,0,11,1,0
2,40,6,0,10,1,0
2,26,3,1,6,0,0
2,26,3,1,6,0,0
2,26,3,1,6,0,0
2,62,3,0,6,1,0
2,34,3,0,10,0,0
2,34,3,0,10,0,0
1,37,3,0,6,1,0
1,37,3,0,6,1,0
1,37,3,0,6,1,0
1,37,3,0,6,1,0
2,23,6,1,6,1,0
2,23,6,1,6,1,0
2,24,4,1,6,6,0
2,24,4,1,6,6,0
2,24,4,1,6,6,0
2,21,3,0,10,1,0
2,25,3,0,6,1,0
2,30,1,3,6,1,0
2,68,3,0,11,1,0
2,41,3,2,10,47,0
2,39,6,1,10,1,0
2,21,3,1,5,1,0
2,31,1,1,5,1,0
2,31,1,1,5,1,0
1,37,4,1,6,1,0
2,22,1,0,6,0,0
2,22,4,1,6,55,0
2,22,4,1,6,55,0
2,38,3,11,5,268,0
2,38,3,11,5,268,0
2,42,3,1,6,1,0
2,22,3,1,6,1,0
2,22,3,1,6,1,0
2,45,1,0,6,1,0
2,45,1,0,6,1,0
1,36,1,4,6,1,0
1,36,1,4,6,1,0
1,35,1,3,10,444,0
1,53,4,0,6,3,0
2,37,1,7,6,1,0
2,49,4,0,4,4,0
1,45,3,1,4,106,0
2,23,1,6,6,1,0
2,23,1,6,6,1,0
2,23,1,6,6,1,0
2,23,1,6,6,1,0
2,23,1,6,6,1,0
2,23,1,6,6,1,0
2,24,1,0,6,1,0
2,29,1,0,6,1,0
2,29,1,0,6,1,0
2,24,1,0,6,3,0
2,50,1,11,6,0,0
2,41,4,1,6,1,0
2,23,1,0,6,0,0
2,36,6,0,6,1,0
2,21,1,0,4,1,0
2,21,1,0,4,1,0
2,21,1,0,4,1,0
2,21,1,0,4,1,0
2,21,1,0,4,1,0
2,21,1,0,4,1,0
1,53,3,0,6,0,0
1,53,3,0,6,0,0
2,39,1,3,6,1,0
1,25,1,2,6,1,0
2,24,3,1,6,37,0
2,24,3,1,6,37,0
2,24,3,1,6,37,0
2,24,3,1,6,37,0
1,25,1,1,11,1599,0
2,71,1,8,6,1,0
2,39,1,10,11,2994,0
2,39,1,10,11,2994,0
2,39,1,10,11,2994,0
2,22,1,1,6,1,0
1,24,1,0,6,1,0
1,24,1,0,6,1,0
1,47,1,19,6,1,0
1,47,1,19,6,1,0
1,47,1,19,6,1,0
1,47,1,19,6,1,0
2,21,6,1,6,1,0
1,23,6,0,10,1,0
1,20,3,1,5,1,0
1,20,3,1,5,1,0
2,53,1,13,6,1,0
1,23,1,0,6,1,0
2,55,3,18,6,47,0
2,55,3,18,6,47,0
2,55,3,18,6,47,0
2,55,3,18,6,47,0
2,55,3,18,6,47,0
2,55,3,18,6,47,0
1,53,1,0,6,0,0
2,55,1,19,6,1,0
2,55,1,19,6,1,0
2,55,1,19,6,1,0
2,23,6,2,10,1,0
2,23,6,2,10,1,0
2,27,1,4,6,0,0
2,26,1,2,10,107,0
1,32,3,0,10,2,0
2,29,1,1,11,1,0
2,29,1,1,11,1,0
2,27,6,1,6,1,0
2,27,6,1,6,1,0
2,28,4,0,6,1,0
2,31,1,0,10,1,0
2,25,3,1,6,1,0
2,25,3,1,6,1,0
2,30,3,0,6,1,0
2,25,3,0,10,3,0
2,47,3,0,11,2,0
2,26,3,0,6,1,0
2,37,1,4,6,1,0
2,37,1,4,6,1,0
1,66,3,7,6,1614,0
1,66,3,7,6,1614,0
2,48,3,0,10,1,0
2,26,3,3,6,38,0
2,24,3,1,10,1,0
2,24,3,1,10,1,0
2,24,3,1,10,1,0
2,21,3,2,6,1,0
2,23,1,0,4,0,0
2,22,3,0,6,1,0
2,22,3,0,6,1,0
2,36,6,0,6,1,0
2,31,3,0,10,0,0
2,22,1,1,6,1,0
2,22,1,1,6,1,0
2,31,3,2,10,0,0
2,32,1,7,5,1,0
2,32,1,22,6,0,0
1,23,6,0,10,1,0
2,63,1,0,10,1,0
2,30,6,0,6,1,0
2,48,3,2,10,1,0
2,20,3,0,6,1,0
2,24,3,1,10,1,0
1,36,1,1,11,1,0
2,26,1,3,9,1,0
2,83,4,0,10,1,0
2,36,1,3,6,1,0
1,30,1,0,10,1,0
1,33,1,0,10,1,0
2,39,1,0,6,0,0
2,30,1,17,5,4,0
2,30,1,17,5,4,0
2,24,1,1,6,1,0
2,24,1,1,6,1,0
2,24,1,1,6,1,0
2,24,1,1,6,1,0
2,34,3,5,6,59,0
2,24,1,0,6,1,0
2,26,3,0,11,1,0
2,26,3,0,11,1,0
2,26,3,8,6,1,0
2,32,3,2,4,1,0
2,32,3,2,4,1,0
1,32,3,1,10,1,0
2,33,1,5,11,1,0
2,33,1,5,11,1,0
2,33,1,5,11,1,0
2,29,1,16,6,1,0
2,29,1,16,6,1,0
2,34,3,1,11,1,0
2,34,3,1,11,1,0
1,37,6,0,10,1,0
1,37,6,0,10,1,0
2,43,3,0,10,0,0
2,47,3,2,6,4,0
1,21,3,1,6,560,0
1,23,1,1,5,1,0
2,39,3,2,10,1,0
2,22,3,0,10,1,0
2,35,1,13,6,1,0
2,35,1,13,6,1,0
2,35,1,13,6,1,0
2,20,1,0,6,1,0
2,33,6,0,6,1,0
2,33,6,0,6,1,0
2,21,6,0,6,1,0
2,21,6,0,6,1,0
2,21,6,0,6,1,0
2,21,6,0,6,1,0
2,43,1,20,6,0,0
2,43,1,20,6,0,0
2,25,1,3,6,1,0
2,48,1,25,6,1,0
2,48,1,25,6,1,0
2,52,1,9,10,1,0
2,26,3,5,6,1,0
2,26,3,5,6,1,0
2,26,3,5,6,1,0
2,26,3,5,6,1,0
2,34,1,4,10,1,0
2,56,3,4,11,2,0
2,56,3,4,11,2,0
2,22,1,0,5,1,0
2,22,1,0,5,1,0
2,22,1,0,5,1,0
2,63,1,25,6,1,0
1,34,3,0,6,1,0
2,23,1,0,6,1,0
2,23,1,0,6,1,0
2,28,1,1,6,2,0
2,28,1,1,6,2,0
2,29,1,2,10,1,0
2,27,3,1,6,51,0
2,51,3,0,10,1,0
2,43,6,3,5,1,0
2,51,3,0,5,1,0
2,41,1,1,10,1,0
2,57,6,0,10,1,0
2,40,1,1,6,1,0
1,39,3,1,10,1,0
1,39,3,1,10,1,0
2,21,1,1,5,1,0
2,21,1,1,6,1,0
2,21,1,1,6,1,0
2,21,1,1,6,1,0
2,21,1,1,6,1,0
2,42,3,5,6,1,0
2,24,3,3,6,1,0
2,24,3,3,6,1,0
2,39,6,0,6,4,0
2,39,6,0,6,4,0
1,34,1,0,6,1,0
2,26,1,4,10,1,0
2,26,1,4,10,1,0
2,58,4,1,6,44,0
2,48,3,1,6,0,0
2,48,3,1,6,0,0
2,48,3,1,6,0,0
2,25,1,0,10,1,0
2,25,1,0,10,1,0
2,26,3,0,6,0,0
2,46,3,0,6,1,0
1,30,4,1,10,3,0
2,24,1,7,10,1,0
2,24,1,7,10,1,0
2,25,3,1,6,164,0
2,25,3,1,6,164,0
2,25,3,1,6,164,0
2,29,1,4,6,1,0
2,24,1,3,10,1,0
2,24,1,3,10,1,0
2,24,1,1,6,1,0
2,24,1,1,6,1,0
2,24,1,1,6,1,0
2,24,1,1,6,1,0
2,24,1,1,6,1,0
2,36,1,9,11,1,0
2,36,1,9,11,1,0
2,36,1,9,11,1,0
2,30,1,5,5,1,0
2,38,1,3,6,1,0
2,33,1,0,6,1,0
2,33,1,0,6,1,0
2,25,1,0,6,1,0
2,31,1,25,10,1,0
2,31,1,25,10,1,0
2,31,1,25,10,1,0
2,24,1,0,6,1,0
2,24,1,0,6,1,0
2,30,3,1,6,72,0
2,39,1,13,6,1,0
2,39,1,13,6,1,0
2,46,4,0,10,1,0
2,46,6,0,6,1,0
2,46,6,0,6,1,0
2,48,1,5,11,9,0
1,30,1,4,5,5,0
1,30,1,4,5,5,0
1,30,1,4,5,5,0
2,40,3,0,6,0,0
1,52,1,0,6,1,0
2,23,1,3,6,1,0
2,23,1,3,6,1,0
2,41,6,2,6,0,0
1,26,1,1,10,1,0
2,22,3,1,6,1,0
2,22,3,1,6,1,0
2,22,3,1,6,1,0
2,22,3,1,6,1,0
2,22,3,1,6,1,0
2,42,3,3,6,0,0
2,42,3,3,6,0,0
2,23,1,6,6,1,0
2,23,1,6,6,1,0
2,33,6,4,6,1,0
2,33,6,4,6,1,0
2,33,6,4,6,1,0
2,33,6,4,6,1,0
2,33,6,4,6,1,0
2,33,6,4,6,1,0
2,28,1,1,6,1,0
1,37,3,4,11,154,0
2,50,3,1,6,847,0
2,26,6,0,5,1,0
2,26,6,0,5,1,0
2,38,5,25,11,172,0
2,38,5,25,11,172,0
2,38,5,25,11,172,0
2,38,5,25,11,172,0
2,51,1,3,6,1,0
2,19,3,1,10,1,0
2,19,3,1,10,1,0
2,19,3,1,10,1,0
1,31,3,1,6,23,0
1,31,3,1,6,23,0
1,31,3,1,6,23,0
2,43,4,0,10,1,0
1,25,6,2,6,1,0
2,27,3,0,6,1,0
2,27,3,0,6,1,0
2,52,3,1,6,1,0
2,52,3,1,6,1,0
2,27,4,1,11,1123,0
1,57,4,1,10,8,0
2,47,6,2,11,1,0
2,32,1,3,5,1,0
2,27,1,5,11,12,0
2,27,1,5,11,12,0
2,27,1,5,11,12,0
2,27,1,5,11,12,0
2,53,4,11,11,36,0
2,45,4,0,10,1,0
1,42,3,0,10,0,0
2,33,1,0,6,1,0
2,33,1,0,6,1,0
2,26,3,4,10,52,0
1,28,3,3,10,1,0
1,53,3,0,10,1,0
2,39,1,1,6,4,0
2,24,3,0,6,1,0
2,40,1,1,6,1,0
2,35,1,24,6,86,0
2,35,1,24,6,86,0
2,28,4,1,6,9,0
2,35,1,0,6,1,0
2,46,1,2,6,0,0
2,46,1,2,6,0,0
2,46,1,2,6,0,0
2,42,3,0,10,2,0
2,25,1,0,10,0,0
2,30,4,0,6,1,0
2,28,1,4,10,1,0
2,40,1,0,6,0,0
1,35,3,1,10,29,0
1,57,3,1,6,4,0
2,20,3,0,6,1,0
2,20,3,0,6,1,0
2,49,1,3,6,1,0
2,42,3,1,6,1,0
2,21,1,2,6,1,0
2,32,1,19,6,1,0
2,32,1,19,6,1,0
2,63,1,3,11,2302,0
1,29,6,0,10,1,0
2,29,3,2,6,1,0
2,58,3,0,6,1,0
2,27,1,3,9,1,0
2,46,1,0,10,0,0
2,23,1,5,4,45,0
2,25,3,0,5,1,0
2,24,6,1,6,1,0
2,40,1,0,6,1,0
2,52,3,0,10,1,0
2,27,1,1,6,3,0
2,27,1,1,6,3,0
1,69,4,0,10,1,0
2,47,4,0,10,1,0
2,49,1,0,10,1,0
2,45,4,1,6,1,0
1,33,3,1,10,0,0
2,33,3,2,6,1,0
2,25,3,1,6,45,0
1,27,4,0,10,0,0
2,51,3,0,6,1,0
2,32,1,14,6,1,0
2,32,1,14,6,1,0
2,32,1,14,6,1,0
2,32,1,14,6,1,0
2,32,1,14,6,1,0
2,32,1,14,6,1,0
2,26,1,5,6,1,0
2,26,1,5,6,1,0
2,26,1,5,6,1,0
2,26,1,5,6,1,0
2,26,1,5,6,1,0
2,47,4,0,10,4,0
2,26,1,2,6,1,0
2,21,1,1,6,1,0
2,25,1,2,10,1,0
2,35,6,0,12,907,0
2,20,3,0,6,1,0
2,30,1,8,6,587,0
2,30,1,8,6,587,0
1,26,1,1,9,39,0
2,20,1,1,6,1,0
2,20,1,1,6,1,0
2,35,3,2,6,1,0
2,41,3,5,6,1,0
2,23,3,0,10,0,0
2,37,1,0,6,1,0
2,42,1,15,6,405,0
2,42,1,15,6,405,0
2,42,1,15,6,405,0
2,42,1,15,6,405,0
2,25,1,8,5,1,0
2,54,1,0,6,1,0
2,41,1,0,6,1,0
2,22,3,0,11,5,0
2,22,3,0,11,5,0
2,30,4,1,10,9,0
2,36,1,5,10,20,0
2,36,1,5,10,20,0
2,36,1,5,10,20,0
2,36,1,5,10,20,0
2,36,1,5,10,20,0
2,36,1,5,10,20,0
2,33,1,4,6,45,0
2,33,1,4,6,45,0
2,38,4,0,10,1,0
1,56,3,3,5,6,0
2,38,3,2,6,64,0
2,38,3,2,6,64,0
2,26,1,0,10,1,0
2,26,1,0,10,1,0
2,26,1,0,10,1,0
1,20,1,0,6,1,0
2,20,1,0,6,1,0
1,28,3,0,6,1,0
1,28,3,0,6,1,0
2,37,3,0,11,3,0
2,52,1,6,10,0,0
2,52,1,6,10,0,0
2,27,3,4,6,1,0
2,29,1,0,6,1,0
2,29,1,0,6,1,0
2,29,1,0,6,1,0
2,29,1,0,6,1,0
2,35,1,1,10,1,0
2,32,3,8,6,4,0
2,32,3,8,6,4,0
2,32,3,8,6,4,0
2,32,3,8,6,4,0
2,25,4,0,6,1,0
2,22,1,0,6,1,0
2,22,1,0,6,1,0
2,22,1,0,6,1,0
2,22,1,0,6,1,0
2,22,1,0,6,1,0
2,32,1,5,10,0,0
2,29,4,4,6,1,0
2,30,1,4,10,1,0
1,30,1,3,6,1,0
2,43,3,2,6,1495,0
2,22,3,1,6,1,0
2,56,1,8,5,1,0
2,32,3,8,5,2,0
2,52,3,1,6,111,0
2,52,3,1,6,111,0
2,29,1,6,6,1,0
2,29,1,6,6,1,0
2,29,1,6,6,1,0
1,51,4,0,10,1,0
2,42,3,0,11,0,0
2,41,3,0,6,1,0
2,19,4,0,6,1,0
2,19,4,0,6,1,0
2,55,4,6,6,0,0
2,21,1,0,6,1,0
2,21,1,0,6,1,0
2,21,1,0,6,1,0
2,21,1,0,6,1,0
1,36,3,4,4,144,0
1,36,3,4,4,144,0
1,36,3,4,4,144,0
1,22,1,0,10,2,0
2,45,4,2,7,1,0
1,30,4,3,6,2,0
2,29,1,0,11,1,0
2,54,1,2,11,1173,0
1,35,4,0,6,1,0
2,51,1,17,10,1,0
2,45,4,20,6,0,0
2,45,4,20,6,0,0
2,27,1,3,6,90,0
2,24,4,1,5,253,0
2,24,4,1,5,253,0
2,24,4,1,5,253,0
2,24,4,1,5,253,0
2,24,4,1,5,253,0
2,25,3,0,10,2,0
2,25,3,0,10,2,0
2,50,3,0,6,1,0
1,42,6,2,11,1,0
1,42,6,2,11,1,0
2,55,3,0,10,1,0
2,29,1,8,6,40,0
2,29,1,8,6,40,0
2,36,1,5,6,1,0
2,69,4,0,10,1,0
2,59,4,1,14,7604,0
2,28,1,1,6,2183,0
2,44,3,6,6,1,0
2,31,1,0,6,0,0
2,27,1,11,10,1,0
2,27,1,11,10,1,0
2,27,1,11,10,1,0
2,27,1,11,10,1,0
2,29,6,0,10,1,0
1,50,3,0,6,1,0
2,28,1,6,6,1,0
2,28,1,6,6,1,0
2,20,1,1,6,50,0
2,60,3,1,5,1,0
2,53,4,0,10,0,0
1,38,6,0,10,1,0
2,51,4,0,6,1,0
2,25,4,1,4,106,0
1,23,3,1,10,1,0
1,54,1,0,6,1,0
2,24,3,3,10,1,0
2,55,4,1,4,1,0
2,55,4,1,4,1,0
2,55,4,1,4,1,0
2,55,4,1,4,1,0
2,35,1,0,10,0,0
2,26,4,0,6,1,0
2,26,4,0,6,1,0
1,75,1,5,5,1,0
2,30,1,13,10,1,0
2,56,1,8,5,106,0
2,24,1,0,6,1,0
2,34,6,0,6,1,0
2,34,6,0,6,1,0
2,34,6,0,6,1,0
1,39,4,0,6,1,0
1,39,4,0,6,1,0
2,46,3,0,6,1,0
2,27,1,1,6,0,0
1,32,3,0,10,1,0
2,28,1,3,11,1,0
2,42,1,13,11,1,0
2,42,1,13,11,1,0
2,42,1,13,11,1,0
2,59,1,2,10,1,0
2,39,3,1,6,15,0
2,55,3,0,10,1,0
2,27,3,0,10,1,0
2,46,3,5,10,1,0
2,37,1,7,6,247,0
2,25,6,1,6,11,0
1,26,4,1,10,19,0
2,55,3,2,5,1,0
2,55,3,2,5,1,0
2,35,1,1,11,4,0
2,35,1,1,11,4,0
2,33,6,0,9,1,0
2,43,1,0,10,1,0
1,53,3,0,10,0,0
2,60,1,9,6,22,0
2,60,1,9,6,22,0
2,60,1,9,6,22,0
2,57,1,0,6,1,0
2,57,1,0,6,1,0
2,55,1,17,6,1,0
2,55,1,17,6,1,0
2,27,1,1,6,1,0
2,27,1,1,6,1,0
2,27,1,1,6,1,0
2,40,1,0,6,1,0
2,57,6,0,5,1,0
1,37,3,0,11,1,0
1,36,1,1,5,24,0
2,32,3,2,10,1,0
2,32,3,2,10,1,0
2,32,3,2,10,1,0
2,32,1,2,10,1,0
1,26,3,1,6,1,0
2,22,4,0,10,1,0
2,22,4,0,10,1,0
1,31,1,0,6,1,0
1,38,1,8,6,1,0
2,47,1,4,6,0,0
2,30,1,2,6,1,0
2,30,1,2,6,1,0
2,36,1,2,6,2,0
2,36,1,2,6,2,0
2,36,1,2,6,2,0
1,43,2,0,6,4,0
1,38,3,0,6,1,0
2,52,3,2,6,1,0
2,35,3,2,10,1,0
2,35,6,0,6,1,0
2,38,6,2,6,0,0
2,53,3,0,6,1,0
1,51,3,1,6,8,0
2,53,1,2,6,1,0
2,22,1,5,6,1,0
2,22,1,5,6,1,0
2,22,1,5,6,1,0
2,21,1,0,6,5,0
2,21,1,0,6,5,0
2,21,1,0,6,5,0
2,21,1,0,6,5,0
2,21,1,0,6,5,0
2,21,1,0,6,5,0
2,26,1,0,6,1,0
2,26,1,0,6,1,0
1,24,1,1,6,35,0
1,24,1,1,6,35,0
2,48,1,0,11,1,0
2,47,3,1,6,1,0
2,30,1,8,6,1,0
2,30,1,8,6,1,0
2,30,1,8,6,1,0
2,30,1,8,6,1,0
2,55,1,1,10,0,0
2,44,3,3,6,0,0
2,34,1,1,6,17,0
2,45,1,10,5,1,0
2,38,4,0,6,1,0
2,50,3,2,10,1,0
2,32,1,0,6,1,0
2,26,3,0,6,0,0
2,44,4,2,10,870,0
2,47,4,0,10,0,0
2,23,4,2,6,1,0
2,23,4,2,6,1,0
2,23,4,2,6,1,0
2,23,4,2,6,1,0
2,23,4,2,6,1,0
2,23,4,2,6,1,0
2,49,3,0,6,0,0
2,60,1,43,6,99,0
2,60,1,43,6,99,0
2,49,1,1,6,0,0
2,59,3,2,5,0,0
2,28,1,2,8,476,0
2,28,1,2,8,476,0
2,24,1,1,11,1,0
2,40,4,0,10,3,0
2,32,1,0,6,1,0
1,54,4,0,10,0,0
2,26,1,1,10,1,0
2,27,1,9,6,0,0
2,34,3,3,6,158,0
2,29,1,0,6,1,0
1,40,4,1,11,93,0
2,25,3,2,10,0,0
2,25,3,2,10,0,0
1,62,3,2,6,43,0
1,62,3,2,6,43,0
2,37,1,18,10,27,0
2,37,1,18,10,27,0
1,30,3,5,6,0,0
1,30,3,5,6,0,0
2,23,3,0,6,1,0
1,20,1,0,6,1,0
2,24,1,1,4,60,0
1,54,3,1,10,49,0
1,51,3,0,10,1,0
2,66,1,3,6,37,0
2,66,1,3,6,37,0
2,31,3,0,10,1,0
2,50,3,8,6,14,0
2,50,1,7,5,1,0
2,40,3,3,6,1,0
1,25,1,1,10,1,0
2,24,1,4,11,1,0
2,54,3,3,11,1,0
2,54,3,3,11,1,0
2,54,3,3,11,1,0
2,54,3,3,11,1,0
2,54,3,3,11,1,0
1,31,1,0,5,1,0
2,25,3,4,10,4,0
2,25,3,4,10,4,0
2,46,3,1,10,2,0
1,30,3,0,10,0,0
2,35,1,3,12,765,0
2,35,1,3,12,765,0
1,35,4,10,6,40,0
1,22,3,0,11,1,0
1,32,3,1,6,1,0
2,25,1,0,10,1,0
2,25,1,0,10,1,0
2,25,1,0,10,1,0
2,25,1,0,10,1,0
2,22,1,3,6,308,0
2,22,1,3,6,308,0
2,22,1,3,6,308,0
2,22,1,3,6,308,0
2,33,1,16,6,2,0
2,33,1,16,6,2,0
2,33,1,16,6,2,0
2,33,1,16,6,2,0
2,33,1,16,6,2,0
1,49,3,0,10,1,0
1,49,3,0,10,1,0
2,24,1,0,6,1,0
2,23,1,1,6,1,0
2,33,1,12,10,1,0
2,33,1,12,10,1,0
2,33,1,12,10,1,0
2,33,1,12,10,1,0
2,37,3,0,11,2,0
2,37,3,0,11,2,0
1,40,3,0,10,0,0
2,23,1,1,10,1,0
2,27,3,1,6,409,0
2,27,3,1,6,409,0
2,26,3,11,5,33,0
2,25,1,11,6,1,0
2,61,1,1,6,1,0
2,30,1,0,6,1,0
1,42,1,0,6,1,0
1,42,1,0,6,1,0
1,42,1,0,6,1,0
1,27,4,0,6,1,0
2,25,3,0,10,1,0
1,52,1,1,6,28,0
2,26,3,7,11,98,0
2,26,3,7,11,98,0
2,26,3,7,11,98,0
2,26,3,7,11,98,0
2,39,1,1,10,1,0
2,47,1,5,6,0,0
2,50,3,1,6,147,0
2,25,1,4,6,1,0
1,41,3,0,10,3,0
2,37,3,0,10,0,0
1,34,1,14,6,1,0
1,34,1,14,6,1,0
1,34,1,14,6,1,0
1,34,1,14,6,1,0
2,30,3,1,5,1,0
2,20,1,0,6,1,0
2,20,6,0,11,1,0
2,20,6,0,11,1,0
2,20,6,0,11,1,0
2,20,6,0,11,1,0
2,20,6,0,11,1,0
1,40,1,0,10,1,0
2,25,3,1,10,0,0
2,25,3,1,10,0,0
1,62,3,0,11,1,0
2,23,3,0,6,1,0
2,23,3,0,6,1,0
1,32,6,0,6,1,0
2,35,3,0,10,1,0
1,56,3,1,6,60,0
2,30,3,0,11,0,0
2,20,1,0,10,1,0
2,41,3,17,11,186,0
2,41,3,17,11,186,0
1,28,3,0,12,1,0
2,23,1,1,12,672,0
2,23,1,1,12,672,0
2,23,1,1,12,672,0
2,56,1,0,6,2,0
2,23,1,2,4,1,0
2,20,4,0,5,1,0
2,20,4,0,5,1,0
2,37,4,4,4,169,0
2,23,3,1,10,1,0
2,21,1,0,5,0,0
2,21,1,0,5,0,0
2,21,1,0,5,0,0
2,41,3,16,6,0,0
2,61,3,0,10,1,0
2,33,3,3,11,0,0
2,26,1,2,10,1,0
2,26,1,2,10,1,0
2,21,4,0,6,1,0
2,21,4,0,6,1,0
2,25,1,8,6,100,0
2,25,1,8,6,100,0
2,25,1,8,6,100,0
2,25,1,8,6,100,0
2,32,1,13,6,1,0
2,32,1,13,6,1,0
2,32,1,13,6,1,0
2,41,1,9,12,1,0
2,41,1,9,12,1,0
2,41,1,9,12,1,0
2,20,4,2,6,33,0
2,20,4,2,6,33,0
2,20,4,2,6,33,0
2,23,3,0,11,1,0
2,28,1,9,6,1,0
2,28,1,9,6,1,0
2,28,1,9,6,1,0
2,25,5,7,9,0,0
2,25,5,7,9,0,0
1,58,3,0,6,1,0
2,49,1,3,6,0,0
2,21,1,0,6,1,0
2,21,1,0,6,1,0
1,27,1,3,6,1,0
1,23,1,0,10,0,0
2,65,1,1,4,146,0
2,65,1,1,4,146,0
2,34,3,0,10,1,0
2,35,1,1,10,1,0
2,30,6,9,10,1,0
2,25,6,1,10,1,0
2,25,6,1,10,1,0
2,30,4,0,11,1,0
1,27,1,1,6,415,0
2,31,1,4,6,1,0
2,39,3,2,6,0,0
2,42,5,0,11,1,0
1,29,3,11,6,3,0
1,29,3,11,6,3,0
1,29,3,11,6,3,0
1,29,3,11,6,3,0
1,29,3,11,6,3,0
1,29,3,11,6,3,0
1,32,1,6,6,1,0
2,27,6,0,10,1,0
2,52,1,3,6,1,0
2,52,1,3,6,1,0
1,26,3,3,10,1,0
2,31,3,2,6,1,0
2,31,3,2,6,1,0
2,31,3,2,6,1,0
2,31,3,2,6,1,0
2,38,4,0,6,0,0
2,20,1,1,5,67,0
2,47,3,2,11,100,0
2,36,6,0,5,1,0
2,20,1,0,10,1,0
1,29,1,2,6,34,0
1,29,1,2,6,34,0
2,24,2,0,6,1,0
2,31,3,0,6,1,0
2,28,3,3,6,244,0
2,28,3,3,6,244,0
1,33,3,0,6,1,0
2,26,1,4,6,86,0
2,26,1,4,6,86,0
2,26,1,4,6,86,0
2,41,6,1,10,1,0
2,39,1,8,6,1,0
2,39,1,8,6,1,0
2,39,1,8,6,1,0
1,54,3,12,6,175,0
1,37,3,1,11,25,0
2,43,4,0,10,4,0
1,33,1,1,6,2,0
2,20,1,1,9,50,0
2,42,1,0,11,1,0
2,42,1,0,11,1,0
2,44,3,0,6,1,0
2,44,3,0,6,1,0
2,30,3,18,11,1,0
2,38,3,0,6,0,0
2,38,1,3,6,1,0
1,27,3,3,6,1,0
1,27,3,3,6,1,0
2,21,3,1,6,1,0
2,29,1,0,6,0,0
2,21,3,0,6,1,0
2,21,3,0,6,1,0
1,34,1,0,10,1,0
2,36,1,1,6,1,0
2,36,1,1,6,1,0
2,36,1,1,6,1,0
2,29,1,0,10,1,0
2,29,1,0,10,1,0
2,29,1,0,10,1,0
2,38,1,1,10,1,0
2,36,3,0,6,1,0
2,32,4,0,10,6,0
2,27,3,0,10,0,0
2,23,1,0,10,1,0
2,47,3,0,10,1,0
2,20,1,0,6,0,0
1,25,1,2,6,1,0
1,25,1,2,6,1,0
1,25,1,2,6,1,0
2,35,1,0,10,2,0
1,30,3,1,6,82,0
1,28,3,1,10,1,0
2,30,3,2,10,36,0
2,30,3,2,10,36,0
2,30,3,2,10,36,0
2,30,3,2,10,36,0
1,45,3,3,10,480,0
1,45,3,3,10,480,0
1,45,3,3,10,480,0
2,23,1,5,6,1,0
2,22,1,0,6,1,0
2,20,6,8,6,1,0
2,20,6,8,6,1,0
2,20,6,8,6,1,0
2,20,6,8,6,1,0
1,42,1,0,10,0,0
2,24,1,8,6,54,0
2,24,1,8,6,54,0
2,24,1,8,6,54,0
2,40,4,0,10,0,0
2,27,6,1,6,1,0
1,57,1,3,6,159,0
2,60,1,12,6,1,0
2,60,1,12,6,1,0
2,20,1,0,10,1,0
2,19,3,0,10,1,0
2,34,1,2,10,1,0
2,34,1,2,10,1,0
2,34,1,2,10,1,0
2,34,1,2,10,1,0
2,37,1,1,5,1724,0
2,24,3,4,10,1,0
2,24,3,4,10,1,0
2,27,1,0,10,1,0
2,27,1,0,10,1,0
2,27,1,0,10,1,0
2,27,1,0,10,1,0
2,27,1,0,10,1,0
2,29,1,4,4,1,0
2,29,1,4,4,1,0
1,26,3,0,6,1,0
1,26,3,0,6,1,0
2,32,4,0,10,1,0
1,42,3,0,6,1,0
1,42,3,0,6,1,0
1,42,3,0,6,1,0
1,29,3,8,11,65,0
1,29,3,8,11,65,0
1,29,3,8,11,65,0
1,29,3,8,11,65,0
1,29,3,8,11,65,0
1,29,3,8,11,65,0
2,38,3,1,10,1,0
2,32,1,1,6,0,0
2,27,6,0,4,2,0
2,27,6,0,4,2,0
2,30,3,3,10,1,0
2,22,1,1,6,1,0
2,20,3,0,10,2,0
2,20,3,0,10,2,0
2,20,3,0,10,2,0
2,57,3,0,10,0,0
2,51,3,3,6,1,0
2,51,3,3,6,1,0
2,51,3,3,6,1,0
2,51,3,3,6,1,0
1,49,1,0,10,1,0
2,21,1,0,6,1,0
2,35,1,4,6,1,0
2,35,1,4,6,1,0
1,54,3,1,6,95,0
2,58,3,2,6,9,0
2,44,3,0,10,1,0
1,32,3,0,6,1,0
2,26,1,6,6,1,0
2,31,1,0,6,1,0
2,20,1,0,5,1,0
2,40,6,0,10,1,0
1,45,3,5,10,2,0
2,31,1,4,6,1,0
2,31,1,4,6,1,0
2,23,4,4,6,27,0
2,23,4,4,6,27,0
2,23,4,4,6,27,0
2,23,4,4,6,27,0
1,53,3,1,10,1,0
2,44,3,0,10,1,0
2,26,1,2,6,1,0
2,26,1,2,6,1,0
2,26,1,2,6,1,0
2,26,1,2,6,1,0
1,54,3,0,10,1,0
2,38,4,0,10,1,0
2,73,6,2,10,1,0
2,21,3,0,6,1,0
2,21,3,0,6,1,0
2,35,3,1,5,1,0
2,28,1,0,10,1,0
2,28,3,2,10,1,0
2,24,1,0,6,1,0
2,24,1,0,6,1,0
2,57,1,16,9,342,0
2,28,1,0,6,1,0
2,56,1,0,6,1,0
2,32,3,7,6,1,0
2,53,3,4,6,1,0
2,53,3,4,6,1,0
2,20,1,1,6,24,0
2,30,6,1,6,1,0
2,30,6,1,6,1,0
2,37,3,1,10,1,0
2,37,3,1,10,1,0
2,60,4,1,6,18,0
2,26,4,1,10,1,0
2,26,4,1,10,1,0
2,30,3,0,10,1,0
2,19,1,0,5,1,0
2,19,1,0,5,1,0
2,19,1,0,5,1,0
2,23,1,9,9,0,0
2,26,3,2,6,1,0
2,26,3,2,6,1,0
2,72,3,0,10,1,0
2,20,1,2,6,1,0
2,20,1,2,6,1,0
1,26,1,5,6,1,0
1,39,1,1,6,1,0
1,39,1,1,6,1,0
2,30,6,0,6,1,0
2,30,4,2,9,709,0
2,37,3,1,10,1,0
2,45,3,0,10,1,0
2,69,3,0,6,1,0
2,30,1,1,6,1,0
2,30,1,1,6,1,0
2,38,2,2,6,0,0
2,48,1,12,5,1,0
2,48,1,12,5,1,0
1,50,1,1,6,700,0
2,32,3,0,6,0,0
2,37,1,1,6,140,0
2,46,2,0,10,1,0
2,42,1,0,6,1,0
1,20,1,0,6,1,0
1,20,1,0,6,1,0
1,20,1,0,6,1,0
1,20,1,0,6,1,0
2,65,3,2,10,60,0
2,54,3,4,10,1,0
1,28,3,0,10,1,0
2,47,1,7,6,1,0
2,47,1,7,6,1,0
2,39,1,5,6,49,0
2,39,1,5,6,49,0
2,39,1,5,6,49,0
1,31,1,0,6,0,0
2,29,3,7,10,2,0
2,51,3,7,6,1,0
2,27,3,0,10,1,0
2,73,3,1,6,64,0
2,44,1,0,10,0,0
1,24,1,0,6,1,0
1,24,1,0,6,1,0
2,22,1,0,5,1,0
2,22,1,0,5,1,0
2,22,1,0,5,1,0
2,22,1,0,5,1,0
2,22,1,0,5,1,0
2,22,1,0,5,1,0
2,65,1,23,6,329,0
2,32,1,4,11,1,0
2,32,1,4,11,1,0
2,27,1,0,10,1,0
2,36,6,0,6,1,0
2,36,6,0,6,1,0
1,23,1,0,6,0,0
2,30,3,0,10,1,0
1,57,4,2,6,68,0
1,25,3,0,10,1,0
2,34,3,5,6,1,0
2,22,1,6,6,63,0
2,20,1,2,6,56,0
2,45,6,0,10,1,0
2,60,4,2,6,4363,0
2,27,1,4,6,1,0
2,27,1,4,6,1,0
2,43,1,2,6,1,0
2,43,1,2,6,1,0
1,63,1,1,5,2902,0
2,37,3,2,6,1,0
2,26,1,0,6,1,0
2,26,1,0,6,1,0
2,26,1,0,6,1,0
2,26,1,0,6,1,0
2,32,1,17,6,0,0
2,32,1,17,6,0,0
2,32,1,17,6,0,0
2,26,1,0,10,1,0
2,32,6,4,6,1,0
2,39,4,3,6,21,0
1,58,1,4,6,1,0
2,51,3,1,10,20,0
2,33,6,0,10,1,0
1,22,3,1,11,22,0
2,21,1,2,6,1,0
2,21,1,2,6,1,0
2,21,1,2,6,1,0
1,29,1,1,6,1,0
1,26,3,0,6,0,0
2,43,3,2,4,10,0
2,25,3,0,6,1,0
2,22,1,6,6,1,0
2,22,1,6,6,1,0
2,30,1,6,6,1,0
2,25,1,15,6,1,0
2,39,4,0,6,1,0
2,33,1,1,6,1,0
2,33,1,1,6,1,0
2,33,1,1,6,1,0
2,33,1,1,6,1,0
2,59,1,1,6,1,0
2,21,4,1,6,8,0
2,34,3,2,12,1,0
2,36,3,6,6,26,0
2,22,6,0,10,1,0
2,23,1,0,6,1,0
2,23,1,0,6,1,0
2,32,1,2,10,0,0
2,32,1,11,11,1,0
2,32,1,11,11,1,0
2,32,1,11,11,1,0
2,32,1,11,11,1,0
2,32,1,11,11,1,0
2,32,1,11,11,1,0
2,32,1,11,11,1,0
1,66,3,1,11,46,0
1,36,6,0,6,1,0
2,66,6,0,11,1,0
2,30,1,7,6,1,0
2,35,1,3,10,1,0
2,25,1,1,6,0,0
2,21,1,1,6,10,0
2,21,1,1,6,10,0
2,19,1,2,9,21,0
2,19,1,2,9,21,0
2,19,1,2,9,21,0
2,19,1,2,9,21,0
2,32,1,1,5,1,0
2,32,1,1,5,1,0
2,33,3,0,6,2,0
2,48,3,0,10,3,0
2,29,1,0,6,1,0
1,23,1,0,10,1,0
2,62,1,15,6,35,0
1,33,3,0,11,3,0
1,33,3,0,11,3,0
2,35,1,1,12,1,0
2,53,3,0,6,0,0
2,53,3,0,6,0,0
2,34,1,2,6,1,0
1,48,3,0,10,1,0
1,33,1,1,5,10,0
2,44,3,0,11,0,0
2,31,3,10,6,18,0
2,31,3,10,6,18,0
2,31,3,10,6,18,0
2,31,3,10,6,18,0
2,28,1,2,6,1,0
2,28,1,2,6,1,0
2,56,6,9,6,147,0
2,51,4,1,6,18,0
2,51,4,1,6,18,0
1,47,1,5,6,1,0
2,22,1,3,6,0,0
2,29,1,0,10,1,0
2,57,3,0,10,0,0
2,20,1,2,5,1,0
2,20,1,2,5,1,0
2,20,1,2,5,1,0
2,27,1,15,12,1,0
2,44,3,0,10,1,0
2,57,1,20,11,19,0
2,65,3,0,10,1,0
2,27,3,3,11,1,0
1,28,1,4,6,0,0
1,38,1,0,6,1,0
2,61,3,0,6,1,0
2,31,3,7,11,1,0
2,23,3,5,6,105,0
2,23,3,5,6,105,0
2,23,3,5,6,105,0
2,26,1,3,6,21,0
2,26,1,3,6,21,0
2,20,1,0,6,1,0
2,20,1,0,6,1,0
2,20,1,0,6,1,0
2,55,3,2,10,1,0
2,55,3,2,10,1,0
2,36,1,0,6,0,0
2,48,6,4,6,1,0
2,48,6,4,6,1,0
2,48,6,4,6,1,0
2,22,6,5,6,1,0
2,22,6,5,6,1,0
2,23,1,1,10,1,0
2,28,1,1,6,1,0
2,28,1,1,6,1,0
2,22,1,4,6,1,0
2,22,1,4,6,1,0
2,22,1,4,6,1,0
2,34,1,19,6,1,0
2,34,1,19,6,1,0
2,34,1,19,6,1,0
2,34,1,19,6,1,0
1,48,3,0,6,1,0
1,59,3,1,4,21,0
1,59,3,1,4,21,0
2,37,3,0,6,5,0
2,37,3,0,6,5,0
2,20,1,0,6,1,0
1,28,3,0,6,1,0
2,21,1,2,5,125,0
2,21,1,2,5,125,0
2,20,1,1,6,47,0
2,20,1,1,6,47,0
2,20,1,1,6,47,0
2,20,1,1,6,47,0
2,31,1,0,6,1,0
1,38,1,14,6,1,0
1,38,1,14,6,1,0
1,38,1,14,6,1,0
2,33,1,0,6,4,0
2,33,1,0,6,4,0
2,33,1,0,6,4,0
2,27,1,3,6,1,0
2,25,3,2,10,0,0
2,25,3,2,10,0,0
2,25,3,2,10,0,0
2,25,3,2,10,0,0
2,25,3,2,10,0,0
2,25,3,2,10,0,0
2,25,3,2,10,0,0
2,25,3,2,10,0,0
1,42,1,2,4,1,0
2,22,1,3,6,1,0
2,22,1,3,6,1,0
2,22,1,3,6,1,0
1,21,1,1,11,11,0
1,21,1,1,11,11,0
1,21,1,1,11,11,0
1,21,1,1,11,11,0
1,21,1,1,11,11,0
2,52,3,2,11,41,0
2,29,3,0,10,1,0
1,37,1,0,11,0,0
2,34,3,0,6,1,0
2,34,3,0,6,1,0
2,53,1,0,10,1,0
1,30,1,8,5,1,0
2,35,4,0,11,7,0
2,35,4,0,11,7,0
2,35,4,0,11,7,0
2,28,3,1,6,1,0
2,21,1,1,6,1,0
2,47,4,1,10,2,0
2,43,3,6,6,1,0
2,42,3,1,10,1,0
2,34,1,2,6,1247,0
2,26,1,3,6,0,0
2,54,1,9,11,3940,0
2,39,6,1,6,1,0
2,39,6,1,6,1,0
2,30,1,20,6,0,0
2,30,1,20,6,0,0
2,30,1,20,6,0,0
2,41,1,0,11,0,0
2,39,1,0,6,1,0
2,43,3,1,6,1,0
2,43,3,1,6,1,0
2,42,1,3,6,1,0
2,22,1,0,11,2,0
2,23,1,0,10,1,0
2,24,1,2,10,1,0
1,27,3,6,6,1,0
1,27,3,6,6,1,0
1,42,1,2,11,1,0
2,49,1,4,10,1,0
2,26,1,7,6,43,0
2,26,1,7,6,43,0
2,52,3,1,6,1,0
1,60,3,2,5,1,0
2,44,3,1,11,0,0
2,44,3,1,11,0,0
1,30,1,0,6,1,0
2,21,1,1,6,1,0
2,28,4,3,6,1,0
2,27,1,0,10,1,0
2,29,3,3,10,1,0
2,44,1,2,6,1,0
2,32,3,3,6,1,0
2,32,3,3,6,1,0
1,27,1,1,10,1,0
2,32,3,0,6,1,0
2,52,1,15,10,0,0
2,52,1,15,10,0,0
2,61,3,3,10,0,0
2,61,3,3,10,0,0
2,69,1,3,10,0,0
2,51,6,2,6,1,0
2,19,1,3,6,1,0
2,19,1,3,6,1,0
1,26,3,0,5,1,0
1,24,3,0,11,1,0
2,24,1,12,11,0,0
2,24,1,12,11,0,0
2,24,1,12,11,0,0
2,22,1,0,6,1,0
2,24,3,3,6,1,0
2,24,3,3,6,1,0
2,24,3,3,6,1,0
2,24,3,3,6,1,0
2,57,4,3,6,2,0
2,43,1,4,6,0,0
2,25,1,5,6,1,0
2,25,1,5,6,1,0
2,25,1,5,6,1,0
1,56,3,1,6,1,0
2,21,1,1,6,8,0
2,21,1,1,6,8,0
2,21,1,1,6,8,0
2,21,1,1,6,8,0
2,31,1,6,6,1,0
1,23,1,1,6,1,0
2,30,1,15,5,1,0
2,30,1,15,5,1,0
2,30,1,15,5,1,0
2,47,3,1,11,102,0
2,42,6,1,10,13,0
2,24,1,0,10,1,0
1,27,3,3,5,129,0
1,27,3,3,5,129,0
1,27,3,3,5,129,0
1,27,3,3,5,129,0
2,60,3,0,10,3,0
2,64,3,0,6,1,0
2,28,3,1,10,0,0
2,36,1,5,6,795,0
2,36,1,5,6,795,0
2,36,1,5,6,795,0
1,24,6,0,10,1,0
1,50,1,1,6,1,0
2,23,1,0,10,1,0
2,23,1,0,10,1,0
2,28,5,2,6,1,0
2,29,1,4,5,9,0
2,29,1,4,5,9,0
1,42,1,6,6,0,0
1,42,1,6,6,0,0
2,26,1,1,6,1,0
1,46,4,0,6,3,0
2,28,1,7,6,9,0
2,28,1,7,6,9,0
2,28,1,7,6,9,0
2,53,4,4,6,490,0
2,19,3,0,10,1,0
2,54,3,14,10,1,0
2,54,3,14,10,1,0
2,37,6,6,10,1,0
2,25,3,5,10,1,0
2,25,3,5,10,1,0
2,63,3,0,10,1,0
2,63,3,0,10,1,0
2,20,1,9,6,23,0
2,20,1,9,6,23,0
2,26,4,0,10,1,0
2,26,4,0,10,1,0
2,26,4,0,10,1,0
2,32,1,2,5,677,0
2,25,1,8,10,1,0
2,25,1,8,10,1,0
2,33,3,0,10,1,0
2,29,1,7,6,1,0
2,29,1,7,6,1,0
2,27,4,2,10,1,0
2,37,1,12,11,1,0
2,37,1,12,11,1,0
2,37,1,12,11,1,0
1,20,3,3,10,1,0
1,20,3,3,10,1,0
2,32,1,1,6,1,0
2,72,3,1,10,23,0
2,38,3,0,6,1,0
2,38,3,0,6,1,0
2,38,3,0,6,1,0
2,40,3,0,6,1,0
2,23,3,0,6,1,0
1,22,1,0,6,1,0
2,21,3,5,6,10,0
2,23,1,5,6,0,0
2,37,6,0,11,1,0
2,37,6,0,11,1,0
1,41,3,0,10,1,0
2,21,1,1,6,40,0
2,21,1,1,6,40,0
1,33,1,5,11,65,0
2,56,3,1,10,1,0
1,23,1,1,10,1,0
2,28,1,3,6,1,0
2,31,6,2,6,1,0
1,28,4,0,5,1,0
1,32,3,1,10,1,0
2,56,1,3,11,49,0
2,56,1,3,11,49,0
2,56,1,3,11,49,0
1,46,3,2,6,43,0
2,53,3,0,10,1,0
1,22,1,0,6,1,0
1,22,1,0,6,1,0
2,35,3,2,6,1,0
2,22,4,0,10,0,0
2,32,1,12,6,1,0
2,32,1,12,6,1,0
2,47,1,14,6,1,0
2,47,1,14,6,1,0
2,24,2,0,10,1,0
2,25,1,14,6,1,0
2,25,1,14,6,1,0
2,27,1,10,6,1,0
2,27,1,10,6,1,0
2,27,1,10,6,1,0
2,27,1,10,6,1,0
2,41,3,0,6,1,0
2,56,3,0,6,1,0
2,45,1,5,6,1,0
2,45,1,5,6,1,0
2,36,4,1,5,22,0
2,20,1,2,6,1,0
2,20,1,2,6,1,0
2,20,1,2,6,1,0
1,31,1,0,6,1,0
2,59,4,0,10,2,0
1,29,1,11,6,1,0
2,72,3,3,6,5,0
2,49,3,0,10,0,0
2,45,1,3,6,35,0
2,45,1,3,6,35,0
2,45,1,3,6,35,0
2,45,1,3,6,35,0
2,30,1,7,11,1,0
2,30,1,7,11,1,0
2,30,1,7,11,1,0
2,59,3,24,11,36,0
2,45,1,0,10,1,0
2,47,3,0,10,1,0
2,24,1,0,4,1,0
2,24,1,0,4,1,0
2,20,1,0,10,1,0
2,20,1,0,10,1,0
2,51,3,6,6,0,0
2,51,3,6,6,0,0
2,51,3,6,6,0,0
2,34,1,2,13,128,0
1,34,1,0,10,1,0
2,37,3,4,10,4,0
2,22,4,2,6,257,0
2,22,4,2,6,257,0
2,22,4,2,6,257,0
1,49,3,2,10,1,0
1,49,3,2,10,1,0
1,49,3,2,10,1,0
2,32,6,0,10,1,0
2,41,3,5,6,1,0
2,49,3,1,6,17,0
2,26,4,0,10,1,0
1,34,3,2,6,49,0
1,21,1,4,6,32,0
1,21,1,4,6,32,0
2,30,1,0,5,0,0
1,28,1,0,10,1,0
2,33,3,2,11,1,0
2,21,1,0,11,1,0
2,32,3,0,6,0,0
2,32,3,0,6,0,0
2,26,1,14,6,1,0
2,26,1,14,6,1,0
2,37,3,2,10,55,0
1,24,1,0,6,0,0
2,48,4,1,5,169,0
2,48,4,1,5,169,0
2,29,6,0,6,1,0
1,20,1,2,6,1,0
1,20,1,2,6,1,0
1,20,1,2,6,1,0
1,20,1,2,6,1,0
1,20,1,2,6,1,0
2,28,1,0,10,1,0
2,28,1,0,10,1,0
2,21,3,0,6,1,0
2,34,1,3,10,4,0
2,32,1,15,6,1,0
2,32,1,15,6,1,0
2,32,1,15,6,1,0
2,32,1,15,6,1,0
2,40,1,0,11,1,0
2,38,1,10,4,1,0
2,38,1,10,4,1,0
2,38,1,10,4,1,0
2,22,1,0,5,1,0
2,51,4,5,6,2,0
1,57,3,0,11,1,0
2,20,1,0,6,0,0
2,20,1,0,6,0,0
2,20,1,0,6,0,0
1,56,3,1,6,20,0
2,30,1,11,5,1,0
2,30,1,11,5,1,0
2,29,1,2,11,1,0
2,36,1,5,6,64,0
2,36,1,5,6,64,0
2,36,1,5,6,64,0
1,24,1,0,6,1,0
1,70,1,1,4,1,0
1,45,3,1,10,11,0
2,33,1,4,6,7,0
2,33,1,4,6,7,0
1,33,4,2,10,1,0
2,25,3,6,6,16,0
2,23,1,0,5,1,0
2,23,1,0,5,1,0
2,48,4,1,10,1,0
1,32,3,1,10,41,0
2,46,3,0,6,1,0
1,54,3,0,10,4,0
1,54,3,0,10,4,0
2,28,3,0,10,1,0
2,32,3,1,10,229,0
2,27,1,1,6,1,0
1,20,1,0,11,1,0
2,30,1,9,6,0,0
2,30,1,9,6,0,0
2,30,1,9,6,0,0
2,35,1,12,5,734,0
2,29,3,1,6,22,0
2,29,3,1,6,22,0
2,54,1,8,6,1,0
2,54,1,8,6,1,0
1,20,3,0,6,0,0
2,29,1,0,6,1,0
2,32,3,0,10,0,0
2,67,1,3,5,1,0
2,67,1,3,5,1,0
2,44,3,2,10,1,0
2,28,6,3,5,249,0
2,67,2,0,10,1,0
2,45,3,8,6,23,0
2,25,6,0,6,1,0
2,24,1,8,5,1,0
2,23,3,0,6,1,0
2,23,3,0,6,1,0
2,23,3,0,6,1,0
2,21,1,0,6,1,0
2,21,1,0,6,1,0
2,21,1,0,6,1,0
2,21,1,0,6,1,0
2,21,1,0,6,1,0
2,26,1,18,6,1,0
2,61,3,0,10,1,0
2,32,6,1,4,15,0
2,32,6,0,10,1,0
1,33,2,0,10,5,0
2,58,3,3,6,0,0
2,58,3,3,6,0,0
2,58,3,3,6,0,0
2,58,3,3,6,0,0
1,49,1,1,6,15,0
2,32,1,1,11,885,0
2,57,1,12,6,1,0
2,32,1,1,6,1,0
2,32,3,2,11,2,0
2,32,3,2,11,2,0
2,51,1,8,6,447,0
2,28,3,9,11,297,0
2,28,3,9,11,297,0
2,48,6,1,6,1,0
2,26,1,13,6,1,0
2,26,1,13,6,1,0
2,26,1,13,6,1,0
2,25,1,0,5,1,0
2,43,1,1,6,1,0
2,35,3,2,6,1,0
2,30,1,0,10,0,0
2,50,3,0,11,2,0
1,31,1,2,6,1,0
1,31,1,2,6,1,0
1,31,1,2,6,1,0
1,46,3,0,10,1,0
1,46,3,0,10,1,0
1,32,6,0,10,1,0
2,22,6,1,6,287,0
2,52,6,2,6,1,0
2,52,6,2,6,1,0
2,49,3,2,10,1,0
1,58,3,5,10,1,0
2,22,1,0,6,1,0
2,45,4,0,6,1,0
2,22,3,0,11,1,0
2,22,3,0,11,1,0
1,37,1,1,6,191,0
2,42,4,0,6,1,0
2,37,4,2,11,1,0
2,22,1,13,6,1,0
2,22,1,13,6,1,0
2,22,1,13,6,1,0
2,22,1,13,6,1,0
2,35,1,23,6,1,0
2,35,1,23,6,1,0
2,28,1,11,6,1,0
2,24,1,1,6,1,0
2,44,1,9,6,132,0
2,44,1,9,6,132,0
2,25,4,5,6,1223,0
2,29,1,5,6,55,0
2,29,1,5,6,55,0
2,29,1,5,6,55,0
2,29,1,5,6,55,0
2,29,3,3,6,2,0
2,29,3,3,6,2,0
2,29,3,3,6,2,0
2,57,1,19,6,1,0
2,28,3,0,6,1,0
2,28,3,0,6,1,0
2,51,3,0,10,1,0
2,34,1,6,6,3238,0
2,34,1,6,6,3238,0
2,34,1,6,6,3238,0
2,26,1,0,11,1,0
2,23,3,0,11,1,0
2,49,3,1,6,1,0
2,49,3,1,6,1,0
2,60,3,0,6,1,0
2,57,1,27,11,9,0
1,27,1,0,10,0,0
2,66,3,1,10,1,0
2,21,3,0,5,0,0
2,45,3,1,6,1,0
2,37,1,24,4,1,0
2,44,3,13,6,1,0
2,44,3,13,6,1,0
2,44,3,13,6,1,0
2,32,1,1,6,30,0
2,64,1,0,6,1,0
2,32,1,8,10,1276,0
2,61,1,1,10,1,0
2,33,3,0,6,1,0
2,38,3,2,6,4,0
2,34,3,0,6,1,0
2,34,3,0,6,1,0
2,31,1,1,10,1,0
1,49,3,8,4,10,0
2,33,1,14,6,79,0
2,21,3,0,5,2,0
2,21,3,0,5,2,0
1,30,3,2,6,0,0
1,30,3,2,6,0,0
1,30,3,2,6,0,0
2,26,4,7,10,1,0
2,38,6,0,6,2,0
2,35,6,3,10,1,0
2,35,6,3,10,1,0
2,35,6,3,10,1,0
2,39,1,19,6,1,0
2,27,1,2,10,1,0
2,27,1,2,10,1,0
2,48,1,14,6,298,0
2,48,1,14,6,298,0
2,48,1,14,6,298,0
2,48,1,14,6,298,0
2,48,1,14,6,298,0
2,26,3,0,10,1,0
2,24,1,4,6,27,0
2,24,1,4,6,27,0
2,24,1,4,6,27,0
2,24,1,4,6,27,0
2,23,6,6,6,39,0
2,63,6,23,6,1,0
2,63,6,23,6,1,0
2,63,6,23,6,1,0
2,63,6,23,6,1,0
1,36,1,0,10,0,0
2,58,3,1,6,1,0
2,58,3,1,6,1,0
2,46,3,5,11,240,0
2,46,3,5,11,240,0
1,35,3,4,6,30,0
1,35,3,4,6,30,0
2,29,1,3,6,1,0
2,40,3,1,6,21,0
2,22,1,3,6,1,0
2,22,1,3,6,1,0
2,31,4,3,6,1,0
1,34,4,5,6,1,0
2,26,1,4,5,1,0
2,27,3,0,11,5,0
2,49,1,1,6,0,0
1,47,4,0,10,0,0
2,23,1,8,10,1,0
2,23,1,8,10,1,0
2,31,1,7,6,1,0
1,45,5,1,11,147,0
1,48,6,3,5,1,0
2,47,1,6,6,0,0
2,45,4,1,10,37,0
2,45,4,1,10,37,0
2,27,1,10,5,1,0
1,52,3,0,10,1,0
2,26,1,0,11,3,0
2,51,1,1,5,1,0
1,29,1,1,11,0,0
1,29,1,1,11,0,0
2,39,1,1,5,5806,0
2,46,3,0,6,1,0
2,28,3,6,6,2,0
2,28,3,6,6,2,0
2,57,1,0,6,1,0
2,36,3,7,11,46,0
2,34,1,27,6,1,0
2,34,1,27,6,1,0
2,27,1,3,6,1,0
2,25,1,7,10,1,0
2,25,1,7,10,1,0
2,20,1,0,6,1,0
2,20,1,0,6,1,0
2,37,1,8,5,1,0
2,51,1,0,6,0,0
2,51,1,0,6,0,0
2,51,4,3,11,14,0
1,21,3,0,10,1,0
2,31,1,1,6,64,0
2,56,3,4,6,0,0
2,45,1,15,6,1,0
2,45,1,15,6,1,0
2,45,1,15,6,1,0
2,30,3,0,6,1,0
2,33,3,7,6,1,0
2,33,3,7,6,1,0
2,23,3,0,10,2,0
2,31,1,0,11,0,0
1,29,3,1,6,1,0
2,41,3,14,6,1,1
2,41,3,14,6,1,1
1,26,3,0,6,1,1
1,26,3,0,6,1,1
1,26,3,0,6,1,1
2,23,1,3,10,0,1
2,31,3,6,6,1,1
2,64,1,13,6,1,1
2,64,1,13,6,1,1
2,64,1,13,6,1,1
2,24,1,2,6,0,1
2,24,1,2,6,0,1
2,24,1,2,6,0,1
2,24,1,2,6,0,1
2,24,1,2,6,0,1
2,44,1,8,11,4296,1
2,26,1,5,6,1,1
2,26,1,5,6,1,1
2,26,1,5,6,1,1
2,53,3,19,6,1,1
2,53,3,19,6,1,1
1,33,3,4,10,1,1
1,33,3,4,10,1,1
1,33,3,4,10,1,1
1,33,3,4,10,1,1
2,25,1,0,5,1,1
2,25,1,0,5,1,1
2,28,3,8,6,0,1
2,29,1,0,6,0,1
2,29,1,0,6,0,1
2,29,1,0,6,0,1
2,48,3,20,6,562,1
2,48,3,20,6,562,1
2,48,3,20,6,562,1
2,30,1,3,6,1,1
2,31,1,15,5,1,1
2,27,1,0,6,1,1
2,30,4,0,10,0,1
2,53,3,8,6,13,1
2,63,1,10,10,906,1
2,46,3,9,6,1,1
2,46,3,9,6,1,1
2,27,1,6,5,0,1
2,27,1,6,5,0,1
2,27,1,6,5,0,1
2,24,1,4,10,1,1
2,29,1,5,6,0,1
2,29,1,5,6,0,1
2,29,1,5,6,0,1
2,29,1,5,6,0,1
2,29,1,5,6,0,1
2,27,3,1,6,1,1
2,27,3,1,6,1,1
2,27,3,1,6,1,1
2,27,3,1,6,1,1
2,27,3,1,9,44,1
2,52,1,3,6,1,1
2,22,3,3,6,7,1
2,20,6,0,6,1,1
2,23,1,2,11,192,1
2,23,1,2,11,192,1
2,54,1,6,4,864,1
2,54,1,6,4,864,1
2,40,3,4,6,1,1
2,40,3,4,6,1,1
2,25,1,10,5,138,1
2,25,1,10,5,138,1
2,36,1,9,5,1,1
2,36,1,9,5,1,1
2,21,6,1,6,1,1
2,21,6,1,6,1,1
2,21,6,1,6,1,1
2,21,6,1,6,1,1
2,21,6,1,6,1,1
2,30,3,6,6,1,1
2,71,1,12,10,804,1
1,20,3,0,6,1,1
2,24,3,8,6,0,1
2,24,3,8,6,0,1
2,24,3,8,6,0,1
2,24,3,8,6,0,1
2,24,3,8,6,0,1
2,31,3,0,10,1,1
2,35,3,7,6,0,1
2,35,3,7,6,0,1
2,27,1,0,6,1,1
2,34,3,0,6,0,1
2,34,3,0,6,0,1
2,33,1,5,6,1,1
2,31,1,1,10,1,1
2,22,3,4,6,36,1
2,22,3,4,6,36,1
2,21,3,1,6,1,1
1,30,4,4,6,36,1
2,32,1,3,6,1,1
2,32,1,3,6,1,1
2,32,1,3,6,1,1
2,32,1,11,6,2,1
2,32,1,11,6,2,1
2,33,1,8,11,1,1
1,20,1,0,6,1,1
1,26,3,0,11,2,1
2,52,6,13,6,1,1
2,52,6,13,6,1,1
2,52,6,13,6,1,1
2,52,6,13,6,1,1
2,52,6,13,6,1,1
2,52,6,13,6,1,1
2,52,6,13,6,1,1
2,52,6,13,6,1,1
2,52,6,13,6,1,1
2,52,6,13,6,1,1
2,52,6,13,6,1,1
1,30,3,3,6,1,1
1,30,3,3,6,1,1
1,30,3,3,6,1,1
2,30,1,1,9,1,1
2,30,1,1,9,1,1
1,49,3,6,6,56,1
2,31,3,0,6,1,1
2,31,3,0,6,1,1
1,21,1,0,10,4,1
1,32,1,5,6,1,1
2,30,1,2,10,1,1
2,30,1,2,10,1,1
2,28,1,6,10,1,1
2,39,1,3,12,1637,1
2,22,1,1,6,1,1
1,38,3,2,6,35,1
1,38,3,2,6,35,1
1,38,3,2,6,35,1
1,38,3,2,6,35,1
1,38,3,2,6,35,1
1,28,3,0,10,2,1
2,24,6,5,6,1,1
2,37,6,1,6,2,1
2,43,3,11,6,56,1
2,21,1,1,6,1,1
2,21,1,1,6,1,1
2,21,1,1,6,1,1
2,28,1,2,10,2147,1
2,45,1,3,6,23,1
2,45,1,3,6,23,1
1,30,1,2,6,1,1
1,41,1,5,10,1,1
2,22,1,0,6,1,1
1,23,1,3,6,1,1
1,23,1,3,6,1,1
2,28,3,1,6,0,1
2,44,3,8,10,1,1
2,44,3,8,10,1,1
2,44,3,8,10,1,1
2,44,3,8,10,1,1
1,20,1,0,6,1,1
1,47,3,2,5,1,1
2,36,3,8,6,0,1
1,24,3,1,10,32,1
2,23,4,1,6,1,1
2,23,4,1,6,1,1
1,23,3,5,5,1,1
1,23,3,5,5,1,1
2,30,1,2,6,1,1
2,30,1,2,6,1,1
2,30,1,2,6,1,1
2,22,4,0,6,0,1
2,22,4,0,6,0,1
2,20,1,1,5,0,1
2,20,1,1,5,0,1
2,66,1,8,5,562,1
2,25,3,0,6,1,1
2,25,3,0,6,1,1
2,27,3,0,6,1,1
2,30,1,11,6,0,1
2,30,1,11,6,0,1
2,44,1,24,10,31,1
2,44,1,24,10,31,1
2,52,1,3,6,1,1
2,52,1,3,6,1,1
2,58,3,9,10,1,1
2,19,1,1,6,48,1
2,19,1,1,6,48,1
2,23,3,0,6,1,1
1,21,1,0,10,0,1
2,27,3,1,6,0,1
2,21,1,1,6,36,1
2,21,1,1,6,36,1
2,48,1,5,6,1,1
2,48,1,5,6,1,1
2,22,1,2,4,1,1
2,22,1,2,4,1,1
2,20,3,0,10,1,1
2,27,3,8,6,1,1
2,27,3,8,6,1,1
2,53,3,36,6,7,1
2,53,3,36,6,7,1
2,53,3,36,6,7,1
2,53,3,36,6,7,1
2,53,3,36,6,7,1
2,21,4,3,6,22,1
2,21,4,3,6,22,1
1,36,1,0,5,1,1
2,28,3,1,6,4,1
2,28,3,1,6,4,1
2,28,1,3,6,862,1
2,28,1,3,6,862,1
1,30,3,0,10,1,1
1,25,1,2,6,86,1
1,25,1,2,6,86,1
2,23,1,1,6,1,1
1,41,1,6,10,1186,1
1,21,3,0,6,0,1
2,21,3,2,6,1,1
2,21,3,2,6,1,1
1,23,1,0,6,1,1
1,23,1,0,6,1,1
2,20,1,1,6,48,1
2,20,1,1,6,48,1
2,20,1,1,6,48,1
2,45,3,0,10,2,1
2,49,1,3,6,1,1
2,49,1,3,6,1,1
2,49,1,3,6,1,1
2,34,4,2,10,271,1
2,25,4,1,6,1,1
2,25,1,7,5,0,1
2,25,1,7,5,0,1
2,22,3,2,10,1,1
2,22,3,2,10,1,1
2,22,3,2,10,1,1
2,21,1,0,6,1,1
2,21,1,0,6,1,1
2,40,3,0,6,1,1
2,40,3,0,6,1,1
2,42,1,3,10,1,1
2,42,1,3,10,1,1
2,21,3,3,10,8,1
2,35,1,2,6,1,1
2,36,1,8,6,0,1
2,28,2,1,6,1,1
2,36,1,14,5,1,1
2,36,1,14,5,1,1
2,36,1,14,5,1,1
2,29,1,2,5,1,1
2,26,1,6,5,35,1
2,26,1,6,5,35,1
2,26,1,6,5,35,1
2,35,1,29,6,74,1
1,39,3,0,11,2,1
1,22,1,0,6,1,1
2,53,1,11,9,1,1
2,22,1,2,5,1,1
2,22,3,1,6,1,1
2,22,3,1,6,1,1
2,22,3,1,6,1,1
2,22,3,1,6,1,1
2,28,1,8,6,1,1
2,28,1,8,6,1,1
2,28,1,8,6,1,1
2,28,1,8,6,1,1
2,20,1,0,6,0,1
2,20,1,0,6,0,1
2,20,1,0,6,0,1
2,20,1,0,6,0,1
2,29,3,0,10,0,1
2,58,1,21,10,2,1
2,58,1,21,10,2,1
2,58,1,21,10,2,1
2,58,1,21,10,2,1
2,22,1,3,6,1,1
2,22,1,3,6,1,1
2,57,1,1,6,1,1
2,57,1,1,6,1,1
2,29,1,2,6,1,1
1,24,3,0,6,1,1
2,25,4,2,6,1,1
2,28,4,2,10,263,1
2,34,3,9,6,1,1
2,26,1,1,10,1,1
2,26,1,1,10,1,1
2,26,1,1,10,1,1
2,29,1,3,6,0,1
2,52,3,6,6,1,1
2,52,3,6,6,1,1
1,34,5,4,5,152,1
1,34,5,4,5,152,1
1,34,5,4,5,152,1
1,34,5,4,5,152,1
2,23,1,6,6,1,1
2,23,1,6,6,1,1
2,35,1,8,6,1,1
2,35,1,8,6,1,1
2,58,1,12,10,1,1
2,58,1,12,10,1,1
2,58,1,12,10,1,1
2,58,1,12,10,1,1
2,58,1,12,10,1,1
2,58,1,12,10,1,1
2,58,1,12,10,1,1
2,58,1,12,10,1,1
2,58,1,12,10,1,1
2,23,3,1,10,1,1
2,23,3,1,10,1,1
2,53,1,17,6,353,1
2,53,1,17,6,353,1
2,34,3,4,6,1,1
2,35,2,0,6,1,1
2,35,1,0,6,0,1
2,35,1,0,6,0,1
2,50,2,5,6,0,1
2,50,2,5,6,0,1
2,49,1,18,6,1,1
2,31,1,6,4,2,1
2,31,1,6,4,2,1
2,38,1,0,6,1,1
1,22,4,2,6,100,1
1,22,4,2,6,100,1
1,22,4,2,6,100,1
2,27,3,1,10,493,1
2,27,3,1,10,493,1
2,29,1,4,6,53,1
2,26,4,7,6,1,1
2,26,4,7,6,1,1
2,26,4,7,6,1,1
2,26,4,7,6,1,1
2,66,1,33,6,1,1
2,66,1,33,6,1,1
2,66,1,33,6,1,1
2,27,3,2,6,1,1
2,26,1,1,6,1510,1
2,30,3,1,6,1,1
2,48,6,12,6,0,1
1,34,3,4,6,1,1
2,59,1,10,6,1,1
2,59,1,10,6,1,1
2,59,1,10,6,1,1
2,59,1,10,6,1,1
2,59,1,10,6,1,1
2,29,1,5,6,1,1
2,29,1,5,6,1,1
2,48,3,1,5,1,1
2,48,3,1,5,1,1
2,48,3,1,5,1,1
2,24,3,3,5,1,1
2,52,1,4,11,0,1
2,45,3,10,6,1,1
2,45,3,10,6,1,1
2,45,3,10,6,1,1
2,35,1,0,6,1,1
2,42,1,14,6,1,1
2,42,1,14,6,1,1
2,42,1,14,6,1,1
2,35,1,6,10,1,1
2,35,1,6,10,1,1
2,21,4,0,6,1,1
2,21,4,0,6,1,1
2,21,4,0,6,1,1
2,46,3,2,6,1,1
2,46,3,2,6,1,1
2,46,3,2,6,1,1
2,27,1,0,4,1,1
2,42,1,8,6,1,1
2,58,1,6,6,1,1
2,58,1,6,6,1,1
2,49,1,15,6,79,1
2,49,1,15,6,79,1
2,26,1,3,6,1,1
2,26,1,3,6,1,1
2,21,1,3,5,1,1
2,21,1,3,5,1,1
2,22,1,3,5,11,1
2,41,3,1,5,7,1
2,41,3,1,5,7,1
2,23,1,1,6,1,1
2,23,1,1,6,1,1
2,38,1,15,6,1,1
2,26,4,4,6,1,1
2,22,1,2,6,1,1
2,22,1,2,6,1,1
2,22,1,2,6,1,1
2,28,3,8,5,161,1
2,28,3,8,5,161,1
2,30,1,5,6,1,1
2,30,1,5,6,1,1
2,30,6,0,10,1,1
2,30,6,0,10,1,1
2,30,6,0,10,1,1
2,30,6,0,10,1,1
2,53,3,0,6,1,1
1,31,3,0,6,2,1
2,21,1,4,6,68,1
2,21,1,4,6,68,1
2,21,1,4,6,68,1
1,21,3,0,5,1,1
2,48,3,3,6,1,1
2,48,3,3,6,1,1
1,24,3,0,5,0,1
2,22,1,1,6,1,1
2,27,1,3,10,1,1
2,59,1,17,6,65,1
2,59,1,17,6,65,1
2,30,1,1,10,0,1
2,30,1,1,10,0,1
2,27,3,6,6,1,1
2,27,3,6,6,1,1
2,28,1,5,10,0,1
2,25,1,4,6,1,1
2,25,1,4,6,1,1
2,30,4,6,6,1,1
1,22,1,0,12,1,1
2,21,1,1,10,45,1
2,21,1,1,10,45,1
2,61,1,15,6,1,1
2,61,1,15,6,1,1
2,61,1,15,6,1,1
2,61,1,15,6,1,1
2,61,1,15,6,1,1
2,61,1,15,6,1,1
2,61,1,15,6,1,1
2,26,3,3,5,1,1
2,26,3,3,5,1,1
2,25,3,1,6,1,1
2,23,3,3,5,0,1
2,23,3,3,5,0,1
2,38,1,11,6,1,1
2,38,1,11,6,1,1
2,20,1,1,6,1,1
1,31,1,10,6,1,1
1,45,3,1,6,0,1
2,23,1,4,6,330,1
2,23,1,4,6,330,1
2,23,1,4,6,330,1
2,23,1,4,6,330,1
1,36,1,2,5,2,1
1,36,1,2,5,2,1
2,27,1,13,5,1,1
2,22,1,3,6,1,1
2,23,4,2,10,19,1
2,23,4,2,10,19,1
2,48,3,1,6,1,1
2,48,3,1,6,1,1
2,21,1,0,6,1,1
2,21,1,0,6,1,1
2,33,3,5,9,32,1
2,31,1,2,11,565,1
2,28,6,0,10,1,1
2,36,1,0,10,1,1
2,27,3,0,6,0,1
2,21,2,0,6,1,1
2,31,1,5,6,1,1
2,31,1,5,6,1,1
2,31,1,5,6,1,1
2,36,1,4,10,1,1
2,36,1,1,10,556,1
1,48,1,4,6,1,1
1,48,1,4,6,1,1
2,47,3,2,6,0,1
2,47,3,2,6,0,1
2,57,1,20,6,0,1
2,57,1,20,6,0,1
2,57,1,20,6,0,1
2,24,1,1,10,1,1
2,26,1,10,11,6,1
2,26,1,10,11,6,1
2,26,1,10,11,6,1
2,26,1,8,5,52,1
2,26,1,8,5,52,1
2,41,1,2,5,1,1
2,23,1,0,6,1,1
2,23,1,0,6,1,1
2,22,1,1,6,1,1
2,22,1,1,6,1,1
2,29,1,7,6,1,1
2,29,1,7,6,1,1
1,30,1,0,6,1,1
2,48,1,2,6,0,1
2,34,1,10,5,0,1
2,34,1,10,5,0,1
2,34,1,10,5,0,1
1,22,3,0,11,1,1
2,30,3,22,6,1,1
2,30,3,22,6,1,1
2,30,3,22,6,1,1
2,25,1,7,11,1,1
2,25,1,7,11,1,1
2,25,1,7,11,1,1
2,25,1,7,11,1,1
2,25,1,7,11,1,1
2,27,1,1,6,1,1
2,27,1,1,6,1,1
1,37,1,0,6,0,1
2,20,1,0,6,1,1
2,20,1,0,6,1,1
2,20,1,0,6,1,1
2,20,1,0,6,1,1
1,29,1,3,6,1,1
2,22,1,2,6,1,1
2,22,1,2,6,1,1
2,22,1,2,6,1,1
2,26,1,4,6,1,1
2,26,1,4,6,1,1
2,35,4,5,6,654,1
2,27,5,3,10,0,1
1,23,1,0,5,1,1
2,26,1,5,6,1,1
2,26,1,5,6,1,1
2,25,1,6,5,1,1
2,25,1,6,5,1,1
2,25,1,6,5,1,1
2,39,4,2,6,44,1
2,39,4,2,6,44,1
2,39,4,2,6,44,1
2,41,1,8,6,29,1
1,35,1,4,6,1,1
2,57,1,11,6,1,1
2,48,3,0,6,1,1
2,48,3,0,6,1,1
1,37,1,3,6,1,1
2,24,1,0,6,1,1
2,24,1,0,6,1,1
2,24,1,0,6,1,1
2,26,3,2,6,38,1
2,33,6,2,6,1,1
2,33,6,2,6,1,1
1,24,1,1,10,0,1
2,28,3,2,6,1,1
2,29,6,3,10,0,1
1,19,3,1,11,100,1
2,36,4,11,9,42,1
2,36,4,11,9,42,1
1,29,3,1,6,1694,1
2,35,1,7,6,1,1
1,22,1,0,10,1,1
2,52,1,7,11,185,1
2,28,1,14,6,1,1
2,28,1,14,6,1,1
2,32,1,0,10,1,1
2,25,1,3,10,0,1
2,25,1,3,10,0,1
2,22,1,1,10,1,1
2,22,1,1,10,1,1
2,22,1,1,10,1,1
2,22,1,1,10,1,1
2,22,1,1,10,1,1
2,22,1,1,10,1,1
2,67,1,4,11,1,1
2,67,1,4,11,1,1
2,67,1,4,11,1,1
1,32,5,3,10,1,1
2,37,1,6,6,1,1
2,37,1,6,6,1,1
2,20,1,1,10,2,1
2,20,1,1,10,2,1
2,26,3,4,10,0,1
1,37,1,1,6,1,1
2,24,1,5,6,1,1
2,24,1,5,6,1,1
1,21,3,0,10,1,1
2,30,1,1,6,599,1
2,24,3,0,11,1,1
1,22,3,1,6,23,1
1,22,3,1,6,23,1
2,30,3,7,6,1,1
2,30,3,7,6,1,1
2,30,3,7,6,1,1
2,23,3,0,10,0,1
2,35,1,0,10,0,1
2,48,1,3,6,0,1
2,21,1,0,6,1,1
2,21,1,0,6,1,1
2,21,1,0,6,1,1
2,21,1,0,6,1,1
2,21,1,0,6,1,1
2,21,1,0,6,1,1
2,21,1,0,6,1,1
2,32,1,1,6,1,1
2,24,4,3,6,1,1
2,24,4,3,6,1,1
2,32,1,4,6,0,1
1,29,1,1,4,146,1
1,29,1,1,4,146,1
2,26,1,9,6,1,1
2,26,1,9,6,1,1
2,28,1,3,10,1,1
2,28,1,3,10,1,1
2,28,1,3,10,1,1
2,28,1,3,10,1,1
2,29,1,2,6,1,1
2,29,1,2,6,1,1
2,28,4,1,6,1,1
2,28,4,1,6,1,1
2,39,1,6,11,1,1
2,39,1,6,11,1,1
2,22,1,1,6,1,1
2,22,1,1,6,1,1
2,22,1,1,6,1,1
2,22,1,1,6,1,1
2,52,3,1,6,4696,1
2,25,1,0,10,1,1
2,28,1,10,10,1,1
2,28,1,10,10,1,1
2,28,1,10,10,1,1
2,27,1,4,6,1,1
2,32,4,1,6,1,1
2,23,1,3,5,784,1
2,31,1,12,10,1,1
2,47,3,4,6,59,1
2,47,3,4,6,59,1
2,47,3,4,6,59,1
2,24,1,2,6,1,1
2,24,1,2,6,1,1
2,24,1,2,6,1,1
2,24,1,2,6,1,1
2,25,3,1,6,1,1
2,25,3,1,6,1,1
2,25,3,1,6,1,1
2,22,1,6,6,1,1
1,26,3,0,6,1,1
2,30,1,1,10,1,1
2,30,1,1,10,1,1
2,45,1,0,6,3,1
2,45,1,0,6,3,1
2,33,1,7,6,1,1
2,42,3,5,4,0,1
2,42,3,5,4,0,1
1,21,3,0,10,1,1
1,21,3,0,10,1,1
2,27,1,10,6,1,1
2,27,1,10,6,1,1
2,27,1,10,6,1,1
2,38,1,2,5,2220,1
1,21,4,0,10,1,1
2,23,1,2,6,1,1
2,23,1,2,6,1,1
2,23,1,2,6,1,1
1,24,4,2,6,179,1
1,24,4,2,6,179,1
1,24,4,2,6,179,1
2,29,1,10,6,1,1
2,29,1,10,6,1,1
2,54,1,4,10,1,1
2,22,3,2,10,1,1
2,22,3,2,10,1,1
2,22,3,2,10,1,1
2,22,3,2,10,1,1
2,22,3,2,10,1,1
1,23,1,6,11,18,1
2,21,1,1,10,18,1
2,21,1,1,10,18,1
2,26,3,1,5,1,1
2,26,3,1,5,1,1
2,23,1,2,6,1,1
1,34,6,1,10,1,1
2,30,1,6,5,1,1
2,30,1,6,5,1,1
2,24,3,2,6,27,1
2,24,3,2,6,27,1
2,24,3,2,6,27,1
2,23,1,2,10,1,1
2,23,1,0,6,1,1
1,38,1,8,10,1,1
2,21,4,1,6,4,1
2,39,1,1,6,9,1
2,29,1,2,9,1,1
2,22,4,1,10,1,1
2,22,4,1,10,1,1
2,22,4,1,10,1,1
2,22,4,1,10,1,1
2,22,4,1,10,1,1
2,34,1,8,10,1073,1
2,25,1,2,6,1,1
2,25,1,2,6,1,1
2,35,1,17,10,1,1
2,35,1,17,10,1,1
2,35,1,17,10,1,1
2,30,3,13,6,1,1
2,30,3,13,6,1,1
2,33,1,1,6,1,1
2,27,1,5,6,168,1
1,26,1,3,10,7,1
2,36,1,16,6,0,1
2,36,1,16,6,0,1
2,36,1,16,6,0,1
2,36,1,16,6,0,1
2,36,1,16,6,0,1
2,36,1,16,6,0,1
2,36,1,16,6,0,1
1,25,1,5,10,2,1
1,25,1,5,10,2,1
1,25,1,5,10,2,1
2,24,1,1,11,458,1
2,29,3,2,6,0,1
1,21,1,0,10,1,1
2,36,1,4,10,1,1
1,26,1,4,6,0,1
1,26,1,4,6,0,1
1,50,3,30,12,1,1
1,50,3,30,12,1,1
1,50,3,30,12,1,1
1,50,3,30,12,1,1
1,50,3,30,12,1,1
1,50,3,30,12,1,1
1,50,3,30,12,1,1
1,50,3,30,12,1,1
2,21,1,4,6,29,1
2,21,1,4,6,29,1
2,57,1,19,6,1,1
2,27,1,2,5,1,1
1,49,3,4,6,1,1
2,20,1,2,4,45,1
2,20,1,2,4,45,1
2,29,3,1,10,1,1
1,22,1,1,6,1,1
1,22,1,1,6,1,1
2,35,1,7,6,1,1
2,32,3,6,10,30,1
2,34,1,1,10,1625,1
2,20,3,0,10,1,1
2,20,3,0,10,1,1
2,23,1,1,6,0,1
2,23,1,1,6,0,1
2,29,3,7,11,67,1
2,29,3,7,11,67,1
1,30,1,4,11,543,1
1,30,1,4,11,543,1
1,24,3,2,6,1,1
1,24,3,2,6,1,1
2,24,4,0,6,0,1
2,24,4,0,6,0,1
2,24,4,0,6,0,1
1,23,1,3,6,1,1
1,23,1,3,6,1,1
2,24,1,2,6,1425,1
2,25,6,1,5,1,1
2,38,3,5,6,1,1
2,38,3,5,6,1,1
2,38,3,5,6,1,1
2,38,3,5,6,1,1
2,38,3,5,6,1,1
2,38,3,5,6,1,1
2,30,1,10,7,198,1
2,30,1,10,7,198,1
2,30,1,10,7,198,1
2,33,1,4,10,1,1
2,43,1,9,6,1,1
2,43,1,9,6,1,1
2,43,1,9,6,1,1
2,35,1,5,6,1,1
2,35,1,5,6,1,1
2,53,3,1,4,246,1
1,52,3,6,10,1832,1
1,24,1,0,6,1,1
2,24,1,5,6,1,1
2,24,1,5,6,1,1
2,24,1,5,6,1,1
2,27,3,1,6,101,1
2,27,3,1,6,101,1
2,31,3,3,10,37,1
2,31,3,3,10,37,1
2,39,1,2,10,1,1
1,60,3,0,6,0,1
1,24,1,0,6,1,1
2,35,3,4,6,1,1
2,35,3,4,6,1,1
2,21,3,2,6,1,1
1,60,3,6,5,1,1
1,60,3,6,5,1,1
1,26,4,1,6,5,1
1,25,3,0,6,0,1
1,21,1,3,6,285,1
1,21,1,3,6,285,1
1,35,1,2,6,1,1
2,24,1,0,6,1,1
1,22,4,0,6,1,1
2,32,1,4,6,609,1
2,32,1,4,6,609,1
2,32,1,4,6,609,1
1,25,1,1,4,103,1
1,25,1,1,4,103,1
2,50,1,4,11,3,1
2,25,1,4,5,1,1
2,25,1,4,5,1,1
2,25,1,4,5,1,1
2,25,1,4,5,1,1
2,25,1,4,5,1,1
1,33,3,2,6,1,1
1,33,3,2,6,1,1
2,24,6,5,6,1,1
2,25,1,5,6,1,1
2,25,1,5,6,1,1
2,25,1,5,6,1,1
2,25,1,5,6,1,1
1,30,3,0,6,0,1
1,29,3,3,6,1,1
2,27,1,1,4,33,1
2,27,1,1,4,33,1
2,49,3,8,6,0,1
2,49,3,8,6,0,1
2,28,1,5,6,1,1
2,28,1,5,6,1,1
2,28,1,5,6,1,1
2,28,1,5,6,1,1
2,32,1,4,6,0,1
2,28,1,7,6,1,1
2,28,1,7,6,1,1
2,28,1,7,6,1,1
2,28,1,7,6,1,1
2,21,3,1,6,1,1
2,21,3,1,6,1,1
2,34,1,3,6,1,1
2,24,1,2,10,1,1
2,24,1,2,10,1,1
2,33,1,6,10,1,1
2,33,1,6,10,1,1
2,21,3,1,6,1,1
2,21,3,1,6,1,1
2,21,3,1,6,1,1
2,21,3,1,6,1,1
2,30,3,10,9,378,1
2,37,1,9,11,1,1
2,22,1,0,6,1,1
2,22,1,0,6,1,1
1,39,1,22,6,49,1
1,39,1,22,6,49,1
1,39,1,22,6,49,1
1,39,1,22,6,49,1
2,30,3,9,11,1,1
2,30,3,9,11,1,1
2,26,4,0,11,1,1
2,26,4,0,11,1,1
2,28,1,4,10,1,1
1,44,3,1,10,6,1
1,44,3,1,10,6,1
2,47,4,1,6,1,1
2,50,1,6,5,110,1
2,50,1,6,5,110,1
2,21,1,0,11,7,1
2,21,4,0,6,1,1
2,44,1,2,6,1,1
2,44,1,2,6,1,1
2,23,3,6,6,1,1
1,34,3,6,6,1,1
1,34,3,6,6,1,1
1,34,3,6,6,1,1
1,34,3,6,6,1,1
1,34,3,6,6,1,1
2,44,3,8,5,1,1
2,26,3,0,5,3,1
2,26,3,0,5,3,1
2,26,3,0,5,3,1
2,41,3,10,6,39,1
2,41,3,10,6,39,1
2,24,4,0,6,1,1
2,49,3,12,10,24,1
2,49,3,12,10,24,1
2,49,3,12,10,24,1
2,26,3,0,5,1,1
2,57,1,16,6,1,1
2,57,1,16,6,1,1
2,57,1,16,6,1,1
2,28,4,11,10,0,1
2,28,4,11,10,0,1
2,22,1,4,5,1,1
1,51,3,5,6,0,1
2,32,1,0,6,1,1
2,32,1,0,6,1,1
2,32,1,0,6,1,1
1,25,3,0,11,1,1
2,22,1,2,8,1,1
1,21,3,5,6,1,1
1,21,3,5,6,1,1
2,26,1,6,10,0,1
2,26,1,6,10,0,1
2,26,1,6,10,0,1
2,31,3,0,6,1,1
2,31,3,0,6,1,1
2,31,3,0,6,1,1
2,31,3,0,6,1,1
2,31,3,0,6,1,1
2,23,1,0,10,1,1
2,20,1,0,6,1,1
2,20,1,0,6,1,1
2,31,1,3,6,1,1
2,31,1,3,6,1,1
2,31,1,3,6,1,1
2,31,1,3,6,1,1
2,53,1,8,6,1,1
1,24,3,0,10,1,1
2,28,1,1,10,1,1
2,43,3,4,5,0,1
2,22,1,1,10,1,1
2,37,3,0,6,1,1
2,59,3,17,6,25,1
2,59,3,17,6,25,1
2,23,1,0,6,1,1
2,23,1,0,6,1,1
2,23,1,0,6,1,1
2,23,1,0,6,1,1
2,21,4,0,6,1,1
2,21,4,0,6,1,1
2,26,3,0,6,0,1
2,41,1,2,6,1,1
2,27,3,1,11,1,1
2,27,3,1,11,1,1
2,27,3,1,11,1,1
2,27,3,1,11,1,1
2,33,1,16,10,243,1
2,33,1,16,10,243,1
2,33,1,16,10,243,1
2,33,1,16,10,243,1
2,21,6,0,6,1,1
2,57,3,15,6,32,1
2,45,3,1,5,1,1
2,45,3,1,5,1,1
2,34,1,7,5,0,1
2,34,1,7,5,0,1
2,22,1,1,6,1,1
2,22,1,1,6,1,1
2,41,1,7,6,1,1
2,23,4,3,6,37,1
1,26,1,1,6,1,1
1,26,1,1,6,1,1
2,23,3,5,10,0,1
2,23,3,5,10,0,1
2,23,3,5,10,0,1
2,42,4,3,11,100,1
2,25,1,8,6,1,1
2,25,1,8,6,1,1
2,25,1,8,6,1,1
2,27,1,2,6,6,1
2,27,1,2,6,6,1
1,23,1,0,10,1,1
2,30,1,2,11,1867,1
2,30,1,2,11,1867,1
2,48,1,9,6,0,1
2,48,1,9,6,0,1
2,32,1,2,6,0,1
2,26,4,5,5,90,1
2,26,4,5,5,90,1
2,24,1,5,6,1,1
2,24,1,5,6,1,1
2,24,1,5,6,1,1
1,26,1,3,6,306,1
1,26,1,3,6,306,1
1,26,1,3,6,306,1
2,22,1,3,6,21,1
1,21,3,1,6,86,1
1,21,3,1,6,86,1
1,21,3,1,6,86,1
2,31,3,2,10,1,1
2,31,3,2,10,1,1
1,34,1,0,6,1,1
2,30,3,6,6,1,1
2,24,1,4,6,1,1
2,24,1,4,6,1,1
2,24,1,4,6,1,1
1,30,3,7,10,17,1
2,23,4,0,5,1,1
2,23,4,0,5,1,1
1,31,6,4,6,1,1
2,26,1,0,6,1,1
1,21,3,0,6,1,1
1,21,3,0,6,1,1
2,31,3,5,6,103,1
2,31,3,5,6,103,1
1,25,3,5,6,4,1
1,25,3,5,6,4,1
1,25,3,5,6,4,1
1,25,3,5,6,4,1
1,25,3,5,6,4,1
1,25,3,5,6,4,1
1,25,3,5,6,4,1
1,25,3,5,6,4,1
1,25,3,5,6,4,1
1,47,1,1,6,762,1
2,35,1,2,11,1,1
1,39,1,2,5,1,1
1,39,1,2,5,1,1
2,44,3,7,4,130,1
2,44,3,7,4,130,1
2,27,3,4,6,0,1
2,27,3,4,6,0,1
2,55,3,13,6,1,1
2,55,3,13,6,1,1
2,55,3,13,6,1,1
2,55,3,13,6,1,1
2,55,3,13,6,1,1
2,55,3,11,11,338,1
2,55,3,11,11,338,1
1,23,4,0,6,3,1
1,23,4,0,6,3,1
1,23,4,0,6,3,1
2,27,1,6,6,1,1
2,27,1,6,6,1,1
2,27,1,6,6,1,1
2,22,3,0,6,1,1
2,22,3,0,6,1,1
2,23,2,0,6,1,1
2,33,1,7,10,1,1
2,33,1,7,10,1,1
2,34,1,15,6,6,1
2,34,1,15,6,6,1
2,34,1,15,6,6,1
2,25,1,3,6,1,1
2,28,1,4,9,1,1
2,28,1,4,9,1,1
1,27,3,1,5,238,1
1,24,1,2,11,1,1
1,24,1,2,11,1,1
1,24,1,2,11,1,1
2,20,4,0,10,0,1
2,27,1,9,6,1,1
2,27,1,9,6,1,1
2,31,1,4,6,2,1
2,31,1,4,6,2,1
2,31,1,4,6,2,1
2,21,1,2,12,10,1
2,21,1,2,12,10,1
2,46,1,0,6,1,1
2,22,1,0,5,0,1
1,28,4,2,10,65,1
2,58,1,24,6,0,1
2,58,1,24,6,0,1
2,58,1,24,6,0,1
2,26,6,0,6,1,1
2,42,3,2,6,1,1
2,42,3,2,6,1,1
2,32,4,2,10,0,1
2,32,4,2,10,0,1
2,46,1,15,6,1,1
2,46,1,15,6,1,1
2,46,1,15,6,1,1
2,46,1,15,6,1,1
2,46,1,15,6,1,1
2,22,4,2,4,1,1
2,21,4,0,6,0,1
1,39,1,6,6,1,1
2,37,3,5,11,15,1
2,43,3,11,6,227,1
2,43,3,11,6,227,1
2,56,3,5,6,38,1
2,56,3,5,6,38,1
1,46,1,1,11,1041,1
2,29,6,3,6,1,1
2,45,1,2,12,345,1
2,31,1,5,5,1,1
2,31,1,5,5,1,1
1,22,1,0,10,1,1
2,54,1,12,6,1,1
1,51,3,5,10,1,1
1,51,3,5,10,1,1
2,43,3,9,6,2,1
2,36,1,0,6,1,1
1,25,3,1,6,1,1
2,37,1,2,6,0,1
2,44,1,6,6,1,1
2,45,4,4,5,140,1
2,26,1,3,11,146,1
2,45,1,8,5,0,1
2,45,1,8,5,0,1
2,34,3,9,6,1,1
2,31,1,8,10,1,1
2,31,1,8,10,1,1
2,31,1,8,10,1,1
2,31,1,8,10,1,1
2,31,1,8,10,1,1
2,21,1,0,6,1,1
1,33,3,7,10,6,1
2,32,1,1,6,1,1
2,22,4,0,6,1,1
2,22,4,0,6,1,1
2,37,1,8,6,1,1
2,51,3,10,9,304,1
2,51,3,10,9,304,1
1,32,3,6,5,1,1
1,32,3,6,5,1,1
1,32,3,6,5,1,1
1,23,1,2,6,1,1
1,23,1,2,6,1,1
1,23,1,2,6,1,1
1,23,1,2,6,1,1
2,21,3,0,6,1,1
2,55,3,3,6,1,1
2,55,3,3,6,1,1
2,55,3,3,6,1,1
2,55,3,3,6,1,1
1,31,1,7,6,1,1
1,31,1,7,6,1,1
2,21,1,1,6,1,1
2,21,1,1,6,1,1
2,21,1,1,6,1,1
2,28,1,5,10,1,1
2,25,1,2,6,1,1
2,21,1,1,6,1,1
2,30,1,21,6,1,1
2,30,1,21,6,1,1
2,30,1,21,6,1,1
2,30,1,21,6,1,1
2,30,1,21,6,1,1
2,30,1,21,6,1,1
2,32,1,24,6,1,1
1,24,1,1,6,1,1
1,24,1,1,6,1,1
2,21,6,0,11,1,1
2,20,1,0,6,1,1
2,20,1,0,6,1,1
2,25,1,6,12,0,1
2,19,3,0,10,1,1
1,25,1,4,11,46,1
2,38,1,6,6,205,1
2,38,1,6,6,205,1
2,38,1,6,6,205,1
2,38,1,6,6,205,1
2,38,1,6,6,205,1
2,30,1,1,5,1,1
2,30,1,1,5,1,1
2,23,1,0,6,1,1
2,38,3,1,10,1,1
1,22,1,0,6,1,1
1,22,1,0,6,1,1
1,28,1,2,6,0,1
1,44,3,4,6,0,1
1,44,3,4,6,0,1
1,44,3,4,6,0,1
1,44,3,4,6,0,1
1,44,3,4,6,0,1
1,44,3,4,6,0,1
1,44,3,4,6,0,1
2,23,3,2,5,0,1
2,23,3,2,5,0,1
1,34,3,1,6,1,1
1,34,3,1,6,1,1
2,20,3,1,6,1,1
2,20,3,1,6,1,1
2,25,1,7,6,520,1
2,25,1,7,6,520,1
2,25,1,7,6,520,1
2,23,1,3,5,1,1
2,23,1,3,5,1,1
2,23,1,3,5,1,1
2,23,1,3,10,1,1
2,23,1,3,10,1,1
2,23,1,3,10,1,1
2,23,1,3,10,1,1
1,26,1,3,4,27,1
1,43,1,7,6,1,1
2,53,1,18,6,0,1
2,34,1,7,6,1,1
2,34,1,7,6,1,1
2,25,1,9,6,1,1
2,25,1,9,6,1,1
2,25,1,9,6,1,1
2,23,4,2,5,1,1
2,31,3,1,6,1,1
1,22,4,0,10,0,1
2,28,1,8,6,1,1
2,28,1,8,6,1,1
2,28,1,8,6,1,1
2,28,1,8,6,1,1
2,28,1,8,6,1,1
2,26,3,7,5,1,1
1,48,4,9,6,87,1
2,36,3,9,5,125,1
2,25,1,5,6,120,1
2,25,1,5,6,120,1
2,25,1,5,6,120,1
2,27,1,3,11,282,1
2,31,3,1,6,0,1
2,31,3,1,6,0,1
1,44,3,11,6,1,1
1,44,3,11,6,1,1
1,44,3,11,6,1,1
1,44,3,11,6,1,1
1,34,1,5,6,53,1
1,34,1,5,6,53,1
1,34,1,5,6,53,1
2,24,3,0,6,3,1
2,24,3,0,6,3,1
2,41,3,13,6,435,1
2,41,3,13,6,435,1
2,41,3,13,6,435,1
2,22,3,2,6,1,1
1,21,1,0,6,2,1
1,25,1,1,11,1554,1
2,22,1,1,6,1,1
2,22,1,1,6,1,1
2,22,1,1,6,1,1
2,22,1,1,6,1,1
2,22,1,1,6,1,1
2,22,1,1,6,1,1
2,51,1,3,6,1,1
1,28,1,1,6,43,1
1,28,1,1,6,43,1
2,36,3,6,6,131,1
2,36,3,6,6,131,1
2,36,3,6,6,131,1
2,28,1,5,10,1,1
2,37,1,1,6,0,1
2,45,4,1,10,1,1
2,32,3,5,6,1,1
2,25,1,4,6,0,1
2,25,1,4,6,0,1
2,21,1,3,6,38,1
2,21,1,3,6,38,1
2,47,1,23,5,1,1
2,47,1,23,5,1,1
2,31,3,8,6,0,1
1,27,3,3,6,121,1
1,27,3,3,6,121,1
2,28,3,0,6,1,1
2,28,3,0,6,1,1
2,28,3,0,6,1,1
2,23,3,2,6,232,1
2,23,3,2,6,232,1
2,23,3,2,6,232,1
2,23,3,2,6,232,1
2,42,1,7,11,1,1
2,42,1,7,11,1,1
2,39,1,5,6,1,1
2,39,1,5,6,1,1
2,39,1,5,6,1,1
2,39,1,5,6,1,1
2,39,1,5,6,1,1
2,39,1,5,6,1,1
2,39,1,5,6,1,1
2,55,3,0,10,1,1
2,30,1,6,6,0,1
1,23,1,0,6,1,1
2,32,3,6,10,0,1
2,36,1,2,6,1,1
2,21,1,3,6,0,1
2,21,1,3,6,0,1
2,21,1,3,6,0,1
2,29,1,0,6,1,1
1,49,1,14,10,1,1
1,49,1,14,10,1,1
2,38,6,9,6,1,1
2,32,3,9,10,0,1
2,32,3,9,10,0,1
2,32,3,9,10,0,1
2,32,3,9,10,0,1
2,32,3,9,10,0,1
2,32,3,9,10,0,1
2,32,3,9,10,0,1
2,41,3,9,10,1,1
2,27,1,4,6,57,1
2,27,1,4,6,57,1
1,27,1,1,6,380,1
1,27,1,1,6,380,1
1,27,1,1,6,380,1
1,39,1,0,6,1,1
1,39,1,0,6,1,1
1,46,1,0,6,1,1
2,60,1,15,6,1,1
2,60,1,15,6,1,1
2,24,1,0,10,1,1
2,30,6,5,11,1,1
2,30,6,5,11,1,1
2,51,1,4,6,45,1
2,25,1,1,10,1349,1
1,24,1,0,6,1,1
2,35,1,0,12,2892,1
2,23,3,1,4,69,1
2,23,3,1,4,69,1
1,24,1,1,10,13,1
1,22,1,0,10,1,1
2,29,3,10,6,94,1
2,38,3,2,5,7,1
2,38,3,2,5,7,1
2,38,3,2,5,7,1
2,24,3,3,11,0,1
2,46,3,10,6,1,1
2,46,3,10,6,1,1
2,39,6,6,5,1,1
2,26,1,6,5,1,1
2,26,1,1,6,1,1
2,26,1,1,6,1,1
2,26,1,1,6,1,1
2,26,1,1,6,1,1
2,24,3,0,11,1,1
2,24,1,2,11,1,1
2,24,1,2,11,1,1
2,24,1,2,11,1,1
2,32,3,5,6,15,1
2,32,3,5,6,15,1
2,32,3,5,6,15,1
1,23,4,1,6,1,1
2,27,1,9,5,1,1
2,27,1,9,5,1,1
2,28,3,3,5,0,1
2,28,3,3,5,0,1
1,52,1,21,6,207,1
1,52,1,21,6,207,1
1,52,1,21,6,207,1
2,21,4,1,10,1,1
2,21,4,1,10,1,1
2,28,3,1,6,1,1
2,28,3,1,6,1,1
2,24,1,3,10,1,1
2,22,1,3,6,1,1
2,22,1,3,6,1,1
2,22,1,3,6,1,1
2,22,1,3,6,1,1
2,23,1,0,5,1,1
2,23,1,0,5,1,1
2,21,3,1,6,1,1
2,21,3,1,6,1,1
1,25,4,4,6,107,1
1,25,4,4,6,107,1
2,51,1,5,11,523,1
2,25,1,1,6,1,1
2,34,1,7,6,1,1
2,34,1,7,6,1,1
2,34,1,7,6,1,1
2,20,3,0,6,0,1
2,20,3,0,6,0,1
2,20,3,0,6,0,1
2,20,3,0,6,0,1
1,24,1,6,11,1,1
1,24,1,6,11,1,1
2,46,3,9,10,1,1
2,26,1,2,10,0,1
2,33,1,0,6,0,1
2,33,1,0,6,0,1
2,33,1,0,6,0,1
2,33,1,0,6,0,1
2,28,4,3,11,1,1
2,28,4,3,11,1,1
2,28,4,3,11,1,1
2,28,4,3,11,1,1
2,28,4,3,11,1,1
2,57,1,8,6,1,1
2,31,1,5,11,1,1
2,31,1,5,11,1,1
2,31,1,5,11,1,1
2,31,1,5,11,1,1
2,31,1,5,11,1,1
1,51,1,1,10,1259,1
2,30,1,0,10,1,1
2,66,3,14,5,493,1
1,27,1,4,10,1,1
2,21,1,1,6,1,1
2,22,1,1,6,0,1
2,22,1,1,6,0,1
2,32,3,4,6,1288,1
2,35,1,4,10,1,1
1,28,1,0,10,0,1
2,42,1,2,6,1,1
1,53,3,0,10,1,1
2,31,6,5,6,1,1
2,31,6,5,6,1,1
2,21,4,1,5,1,1
2,34,1,3,6,105,1
2,34,1,3,6,105,1
2,34,1,3,6,105,1
2,34,1,3,6,105,1
2,29,3,1,6,1,1
2,25,1,4,6,1,1
2,25,1,4,6,1,1
2,25,1,4,6,1,1
2,25,1,4,6,1,1
2,26,1,0,11,1,1
2,26,1,0,11,1,1
1,24,1,1,6,78,1
2,31,1,9,6,1,1
2,31,1,9,6,1,1
1,40,1,1,6,1,1
2,21,1,0,9,1,1
2,21,1,0,9,1,1
2,31,1,2,6,1,1
2,31,1,2,6,1,1
2,31,1,2,6,1,1
2,31,1,2,6,1,1
2,31,1,2,6,1,1
2,31,1,2,6,1,1
2,31,1,2,6,1,1
2,31,1,2,6,1,1
2,25,1,1,6,0,1
2,25,1,1,6,0,1
2,25,1,1,6,0,1
2,25,1,1,6,0,1
1,24,3,1,5,1,1
2,48,1,10,10,1680,1
2,48,1,10,10,1680,1
2,48,1,10,10,1680,1
2,23,1,3,6,1,1
2,23,1,3,6,1,1
2,22,1,0,6,1,1
2,22,1,0,6,1,1
1,27,3,4,6,262,1
2,41,1,19,6,71,1
2,40,4,8,6,1,1
2,40,4,8,6,1,1
2,40,4,8,6,1,1
2,40,4,8,6,1,1
2,21,3,0,6,1,1
2,33,1,11,6,1,1
2,33,1,11,6,1,1
2,33,1,11,6,1,1
2,25,4,0,6,1,1
2,25,4,0,6,1,1
2,58,1,38,6,112,1
2,58,1,38,6,112,1
2,58,1,38,6,112,1
2,58,1,38,6,112,1
2,30,1,7,6,1,1
2,30,1,7,6,1,1
2,23,1,2,9,1,1
2,23,1,2,9,1,1
2,33,6,3,6,1,1
2,33,6,3,6,1,1
2,22,1,1,5,1,1
2,22,1,1,5,1,1
2,22,1,1,5,1,1
2,22,1,1,5,1,1
2,22,1,1,5,1,1
2,22,1,1,5,1,1
2,22,1,1,5,1,1
2,29,3,7,10,1,1
2,27,1,13,6,0,1
2,27,1,13,6,0,1
2,27,1,13,6,0,1
2,27,1,13,6,0,1
2,27,1,13,6,0,1
2,38,3,2,6,1,1
2,38,3,2,6,1,1
2,38,3,2,6,1,1
2,38,3,2,6,1,1
2,21,6,0,6,1,1
2,21,6,0,6,1,1
2,21,6,0,6,1,1
2,21,6,0,6,1,1
2,41,1,4,6,1,1
2,22,3,0,6,1,1
2,22,3,0,6,1,1
2,25,1,2,6,1,1
2,34,5,9,6,0,1
2,21,6,0,5,1,1
2,21,6,0,5,1,1
2,21,6,1,4,113,1
2,38,1,9,6,4,1
2,38,1,9,6,4,1
2,22,1,3,6,1,1
2,25,1,0,6,1,1
2,25,1,0,6,1,1
2,25,1,0,6,1,1
1,24,3,3,6,113,1
1,24,3,3,6,113,1
1,24,1,3,6,1,1
2,29,1,6,5,55,1
2,29,1,6,5,55,1
2,50,1,8,10,1543,1
2,43,3,1,6,1,1
2,43,3,1,6,1,1
2,26,3,2,6,1,1
1,25,1,5,6,1,1
1,25,1,5,6,1,1
1,25,1,5,6,1,1
2,23,1,2,5,1,1
2,23,1,2,5,1,1
2,34,3,1,5,1,1
2,28,1,2,6,1,1
2,55,1,21,6,1,1
2,55,1,21,6,1,1
1,26,1,9,11,13,1
1,24,1,3,6,14,1
1,24,1,3,6,14,1
1,24,1,3,6,14,1
2,25,3,5,10,3,1
2,25,3,5,10,3,1
2,21,1,0,6,2,1
2,54,1,5,6,1,1
1,27,1,3,5,1,1
1,27,1,3,5,1,1
1,27,1,3,5,1,1
2,46,1,5,6,0,1
2,46,1,5,6,0,1
2,46,1,5,6,0,1
2,46,1,5,6,0,1
2,38,1,15,6,1,1
2,38,1,15,6,1,1
1,20,6,0,11,1,1
2,31,3,6,10,1,1
2,48,3,13,6,96,1
1,25,3,2,6,25,1
1,25,3,2,6,25,1
1,25,3,2,6,25,1
1,25,3,2,6,25,1
2,26,3,5,6,1,1
2,26,3,5,6,1,1
1,42,3,11,6,1,1
1,42,3,11,6,1,1
2,48,3,9,6,1,1
2,48,3,9,6,1,1
2,48,3,9,6,1,1
1,21,1,1,6,79,1
1,21,1,1,6,79,1
1,21,1,1,6,79,1
2,22,1,0,11,2,1
2,22,1,0,11,2,1
2,38,1,37,11,1,1
2,23,1,2,6,1,1
2,38,1,2,9,0,1
2,54,1,6,6,1,1
2,54,1,6,6,1,1
2,54,1,6,6,1,1
2,54,1,6,6,1,1
2,26,1,1,6,624,1
2,52,4,9,6,1,1
2,52,4,9,6,1,1
2,21,1,0,6,1,1
2,46,1,10,6,1,1
2,46,1,10,6,1,1
2,35,3,6,6,10,1
2,35,3,6,6,10,1
2,35,3,6,6,10,1
2,31,1,10,6,8,1
2,31,1,10,6,8,1
2,31,1,10,6,8,1
2,47,1,0,10,1,1
2,62,1,1,10,613,1
1,35,1,2,11,6323,1
1,35,1,2,11,6323,1
1,35,1,2,11,6323,1
2,22,1,0,11,1,1
2,31,1,2,6,1,1
2,31,1,2,6,1,1
2,49,3,2,6,1,1
2,49,3,2,6,1,1
2,49,3,2,6,1,1
2,27,1,7,6,1,1
2,27,1,7,6,1,1
2,27,1,7,6,1,1
2,35,3,0,6,1,1
2,35,3,0,6,1,1
2,21,1,0,6,1,1
2,21,1,0,6,1,1
2,23,1,1,10,1163,1
1,21,3,0,5,1,1
2,26,3,0,10,0,1
2,26,3,0,10,0,1
2,26,3,0,10,0,1
2,49,3,0,6,1,1
2,49,3,0,6,1,1
2,49,3,0,6,1,1
2,27,1,2,11,310,1
2,27,1,2,11,310,1
2,27,1,2,11,310,1
1,35,1,12,6,2,1
1,35,1,12,6,2,1
1,35,1,12,6,2,1
1,35,1,12,6,2,1
1,35,1,12,6,2,1
1,35,1,12,6,2,1
1,35,1,12,6,2,1
2,24,1,3,6,3,1
2,24,1,3,6,3,1
2,24,1,3,6,3,1
2,24,1,3,6,3,1
2,24,1,3,6,3,1
2,24,1,3,6,3,1
2,24,3,1,6,1,1
2,24,3,1,6,1,1
2,23,1,2,6,1,1
2,31,1,7,10,2,1
2,43,3,5,6,1,1
1,27,1,2,6,1,1
1,29,3,0,6,3,1
2,47,1,22,6,1,1
2,47,1,22,6,1,1
2,47,1,22,6,1,1
1,27,1,3,6,1,1
1,27,1,3,6,1,1
1,27,1,3,6,1,1
2,49,3,7,6,1,1
1,33,1,3,6,1,1
2,23,1,3,6,1,1
2,34,1,1,10,1,1
2,25,3,2,11,0,1
1,20,1,0,6,1,1
2,26,1,5,6,1,1
1,26,1,4,12,0,1
1,26,1,4,12,0,1
2,38,1,3,6,1,1
2,20,3,0,6,1,1
2,31,1,7,5,1,1
2,31,1,7,5,1,1
2,31,1,7,5,1,1
2,20,1,1,6,26,1
2,20,1,1,6,26,1
2,20,1,1,6,26,1
2,20,1,1,6,26,1
2,20,1,1,6,26,1
1,36,3,3,6,1,1
1,36,3,3,6,1,1
2,36,4,3,10,1,1
2,36,4,3,10,1,1
2,45,1,17,6,1,1
2,45,1,17,6,1,1
2,45,1,17,6,1,1
2,27,1,8,5,1,1
2,27,1,8,5,1,1
2,36,3,9,6,42,1
2,36,3,9,6,42,1
2,26,3,0,10,1,1
2,26,3,0,11,1,1
1,24,1,0,6,1,1
2,24,3,3,10,1,1
1,28,1,10,11,36,1
1,28,1,10,11,36,1
1,28,1,10,11,36,1
1,28,1,10,11,36,1
2,30,1,6,6,0,1
2,53,6,1,6,92,1
2,53,6,1,6,92,1
2,53,6,1,6,92,1
2,45,1,1,11,1147,1
2,45,1,1,11,1147,1
2,61,3,10,6,1,1
2,61,3,10,6,1,1
2,61,3,10,6,1,1
2,27,1,7,5,13,1
2,29,1,4,6,0,1
2,48,1,10,6,1,1
2,48,1,10,6,1,1
2,48,1,10,6,1,1
2,22,1,1,5,1,1
2,22,1,1,5,1,1
2,22,1,1,5,1,1
2,22,1,1,5,1,1
2,50,3,0,6,1,1
2,50,3,0,6,1,1
2,44,3,16,10,1,1
2,24,1,4,6,1,1
2,24,1,4,6,1,1
2,21,1,0,6,1,1
2,21,1,0,6,1,1
2,21,1,0,6,1,1
2,30,1,2,4,694,1
1,54,1,7,6,1,1
2,24,1,7,6,112,1
2,24,1,7,6,112,1
2,26,3,0,10,1,1
2,23,1,1,6,1,1
2,23,1,1,6,1,1
2,31,3,11,5,1,1
2,31,3,11,5,1,1
2,49,1,10,6,1,1
2,49,1,10,6,1,1
2,39,3,2,6,863,1
1,39,4,1,6,31,1
2,58,1,16,6,1,1
2,58,1,16,6,1,1
2,28,1,4,9,1,1
2,33,1,8,6,1,1
2,34,1,1,6,1,1
2,34,1,1,6,1,1
2,26,1,1,12,0,1
2,35,1,4,12,722,1
1,41,3,12,6,45,1
2,37,1,9,5,1,1
2,50,1,1,6,22,1
1,22,1,0,10,0,1
2,26,1,5,5,1,1
2,26,1,5,5,1,1
2,24,1,0,6,1,1
1,39,3,0,10,1,1
2,19,1,1,6,1,1
2,19,1,1,6,1,1
2,19,1,1,6,1,1
2,19,1,1,6,1,1
2,25,1,1,6,1,1
2,25,1,1,6,1,1
2,53,1,4,6,381,1
2,32,3,8,6,1,1
2,23,1,1,10,1,1
2,23,1,1,10,1,1
2,23,1,1,10,1,1
1,31,3,1,6,23,1
2,36,1,15,6,0,1
2,36,1,15,6,0,1
2,27,3,2,6,1,1
2,27,3,2,6,1,1
2,27,3,2,6,1,1
2,37,3,1,10,1,1
2,27,1,4,5,31,1
2,27,1,4,5,31,1
2,27,1,4,5,31,1
2,27,1,4,5,31,1
2,22,1,1,6,1,1
2,22,1,1,6,1,1
2,22,1,1,6,1,1
2,42,1,7,6,1,1
2,32,3,2,6,62,1
2,32,3,2,6,62,1
2,24,3,3,6,1,1
2,24,3,3,6,1,1
2,23,4,0,11,1,1
2,27,1,1,10,1,1
2,33,1,14,6,60,1
2,27,1,1,6,1,1
2,27,1,1,6,1,1
2,46,1,0,6,0,1
2,46,1,0,6,0,1
2,44,1,7,4,1,1
2,44,1,7,4,1,1
2,20,1,0,5,1,1
2,27,1,8,6,1,1
2,27,1,8,6,1,1
1,31,3,1,10,1,1
1,31,3,1,10,1,1
2,26,1,1,6,1,1
2,26,1,1,6,1,1
2,26,1,1,6,1,1
2,32,1,0,6,1,1
2,32,1,0,6,1,1
2,40,1,9,6,1,1
2,40,1,9,6,1,1
1,32,6,2,5,1,1
2,27,1,2,10,1,1
2,24,1,5,6,1,1
2,44,3,8,6,782,1
2,44,3,8,6,782,1
2,63,1,1,6,347,1
2,22,1,2,6,1,1
2,22,1,2,6,1,1
2,22,1,2,6,1,1
2,22,1,2,6,1,1
2,22,1,2,6,1,1
2,40,1,16,11,1,1
2,54,1,2,11,1,1
2,35,1,4,11,159,1
2,35,1,4,11,159,1
1,33,1,3,6,1,1
1,26,1,3,6,1,1
2,69,1,22,11,1,1
2,23,1,1,10,13,1
2,45,1,0,6,1,1
2,31,1,10,6,1,1
2,32,1,4,5,1,1
2,31,3,2,6,194,1
2,31,3,2,6,194,1
2,47,4,0,6,1,1
2,23,4,6,10,1,1
2,23,4,6,10,1,1
2,25,1,5,10,1,1
2,25,1,5,10,1,1
2,45,4,8,6,1,1
2,45,4,8,6,1,1
2,24,3,1,6,1,1
2,46,2,3,6,1,1
2,27,6,0,10,1,1
1,37,1,13,6,1,1
1,37,1,13,6,1,1
2,33,1,6,11,187,1
1,34,3,3,6,6,1
1,34,3,3,6,6,1
2,52,1,7,6,1,1
2,52,1,7,6,1,1
2,52,1,7,6,1,1
1,21,1,0,6,1,1
2,33,3,3,6,1,1
2,21,1,1,6,2,1
2,30,3,5,6,1,1
1,31,1,4,10,1,1
2,27,1,3,6,1,1
2,27,1,3,6,1,1
2,31,3,6,10,1,1
2,31,3,6,10,1,1
2,48,1,7,6,1,1
2,48,1,7,6,1,1
2,48,1,7,6,1,1
2,34,1,0,10,0,1
2,43,1,4,10,0,1
2,29,6,1,6,549,1
2,25,3,0,11,0,1
2,25,3,0,11,0,1
2,29,4,17,6,1,1
2,25,3,2,6,1,1
2,25,3,2,6,1,1
2,25,3,2,6,1,1
2,27,4,8,6,1,1
2,27,4,8,6,1,1
2,27,4,8,6,1,1
2,31,4,0,10,3,1
2,34,1,0,6,0,1
2,34,1,0,6,0,1
2,42,1,0,6,0,1
2,42,1,0,6,0,1
2,29,1,0,10,1,1
2,29,1,0,10,1,1
2,20,1,0,5,1,1
2,27,3,0,6,3,1
2,27,3,0,6,3,1
2,21,1,1,5,1,1
2,21,1,1,5,1,1
2,21,1,1,5,1,1
2,27,3,4,9,42,1
1,22,3,2,4,681,1
2,31,1,3,6,0,1
2,45,3,19,6,1,1
2,45,3,19,6,1,1
2,45,3,19,6,1,1
2,28,1,1,6,0,1
2,21,6,1,11,138,1
1,22,1,1,10,528,1
2,23,3,4,6,1,1
2,23,3,4,6,1,1
2,36,1,6,6,1,1
2,28,1,2,6,1,1
1,36,3,6,6,50,1
1,36,3,6,6,50,1
2,41,1,13,5,1,1
2,41,1,13,5,1,1
2,33,1,6,6,1,1
2,23,1,0,6,1,1
2,24,3,0,6,1,1
2,24,3,0,6,1,1
2,24,3,0,6,1,1
2,24,3,0,6,1,1
1,41,1,6,11,65,1
2,44,3,6,6,1,1
2,58,3,11,6,8,1
2,26,4,3,5,44,1
2,26,4,3,5,44,1
2,27,3,6,6,230,1
2,27,3,6,6,230,1
2,56,3,7,6,1,1
2,56,3,7,6,1,1
2,56,3,7,6,1,1
1,25,3,0,6,1,1
1,45,6,2,11,399,1
1,28,1,3,5,16,1
2,58,1,6,6,2,1
2,51,1,8,10,1,1
2,51,1,8,10,1,1
2,51,1,8,10,1,1
2,26,1,0,4,1,1
2,37,1,5,6,29,1
2,21,1,1,6,31,1
2,21,1,1,6,31,1
2,21,1,1,6,31,1
2,20,1,1,6,1,1
1,25,3,1,10,1,1
2,22,1,0,6,0,1
2,21,1,0,6,1,1
2,36,3,1,6,1,1
2,36,3,1,6,1,1
2,36,3,1,6,1,1
2,27,6,6,5,1,1
2,27,6,6,5,1,1
2,27,6,6,5,1,1
2,32,3,0,6,0,1
2,20,6,0,10,1,1
2,20,6,0,10,1,1
2,20,6,0,10,1,1
2,30,1,9,6,1,1
1,31,1,0,10,5,1
2,38,1,8,10,1,1
2,38,1,8,10,1,1
2,38,1,8,10,1,1
2,20,4,2,6,7,1
1,20,1,0,6,1,1
2,35,3,2,6,0,1
2,20,6,1,6,1,1
2,22,1,0,6,1,1
2,36,1,5,10,1,1
2,30,1,1,6,548,1
2,30,1,1,6,548,1
2,30,1,1,6,548,1
2,49,1,12,5,1,1
2,25,1,3,11,811,1
2,25,1,3,11,811,1
2,25,1,3,11,811,1
2,49,1,17,6,2,1
2,28,1,3,10,1,1
2,46,1,12,10,1,1
2,46,1,12,10,1,1
2,27,3,0,6,1,1
2,30,1,4,11,184,1
2,30,1,4,11,184,1
2,26,1,5,11,1,1
1,45,3,4,6,0,1
2,26,1,10,6,0,1
1,24,1,2,10,406,1
1,38,1,2,11,4971,1
1,38,1,2,11,4971,1
1,38,1,2,11,4971,1
1,38,1,2,11,4971,1
1,38,1,2,11,4971,1
1,38,1,2,11,4971,1
1,24,6,0,6,1,1
2,21,3,1,6,1,1
2,28,1,14,10,213,1
2,28,1,14,10,213,1
2,25,1,1,11,1,1
1,21,1,0,6,1,1
2,38,1,12,10,1,1
2,35,4,7,5,0,1
2,35,4,7,5,0,1
2,22,3,0,6,4,1
2,22,3,0,6,4,1
2,22,3,0,6,4,1
2,22,3,0,6,4,1
1,23,1,0,6,1,1
2,42,1,1,10,0,1
2,42,1,1,10,0,1
2,54,3,12,6,58,1
2,54,3,12,6,58,1
2,54,3,12,6,58,1
2,40,6,8,6,1,1
2,24,1,0,6,1,1
2,24,1,0,6,1,1
2,24,1,0,6,1,1
2,44,1,3,6,1,1
2,44,1,3,6,1,1
2,44,1,3,6,1,1
2,44,1,3,6,1,1
2,37,1,1,11,3,1
2,23,1,2,5,1,1
2,23,1,2,5,1,1
1,20,1,0,6,1,1
2,43,3,1,4,289,1
1,35,1,3,10,0,1
2,20,1,1,10,1,1
2,20,1,1,10,1,1
2,37,3,1,12,204,1
1,23,6,0,10,1,1
2,55,1,11,6,1,1
2,53,1,18,10,1,1
2,53,1,18,10,1,1
2,53,1,18,10,1,1
2,25,3,1,6,1,1
2,25,3,1,6,1,1
2,25,3,1,6,1,1
2,24,1,0,10,3,1
2,40,1,6,6,1,1
2,22,3,0,13,1507,1
2,26,3,9,10,1,1
2,26,3,9,10,1,1
2,26,3,9,10,1,1
2,26,3,9,10,1,1
2,26,3,9,10,1,1
2,26,3,9,10,1,1
2,26,3,9,10,1,1
2,26,3,9,10,1,1
2,26,3,9,10,1,1
2,26,3,9,10,1,1
2,26,3,9,10,1,1
1,22,3,2,10,22,1
1,22,3,2,10,22,1
1,22,3,2,10,22,1
1,28,3,0,5,1,1
1,22,1,1,8,28,1
1,22,1,1,8,28,1
1,22,1,1,8,28,1
2,32,1,3,6,1,1
2,27,6,6,6,1,1
2,27,6,6,6,1,1
2,27,6,6,6,1,1
2,27,6,6,6,1,1
1,34,1,1,6,1,1
2,47,1,15,6,60,1
2,32,1,6,6,1,1
2,23,4,3,6,1,1
2,23,4,3,6,1,1
2,23,4,3,6,1,1
1,28,1,3,6,1,1
2,26,3,10,6,114,1
2,26,3,10,6,114,1
2,34,1,3,6,1,1
2,34,1,3,6,1,1
2,22,3,0,6,1,1
2,22,3,0,6,1,1
2,22,3,0,6,1,1
1,26,1,3,6,1,1
2,21,1,0,5,1,1
2,21,1,0,5,1,1
2,64,1,20,6,1,1
2,41,1,14,5,203,1
1,30,1,3,6,0,1
1,27,3,0,6,0,1
2,29,4,0,4,1,1
2,28,3,5,6,23,1
2,23,3,3,6,4,1
2,23,3,3,6,4,1
2,27,1,2,10,0,1
2,22,3,2,10,1,1
2,33,3,3,6,43,1
2,33,3,3,6,43,1
2,41,1,2,10,57,1
2,41,1,2,10,57,1
2,28,1,9,10,1,1
1,25,1,0,6,1,1
2,37,3,5,11,104,1
2,37,3,5,11,104,1
2,37,3,5,11,104,1
2,22,3,3,10,0,1
2,36,3,0,10,1,1
2,36,3,0,10,1,1
2,23,4,0,6,1,1
2,23,4,0,6,1,1
2,29,1,5,6,1,1
2,29,1,5,6,1,1
2,29,1,5,6,1,1
2,29,1,5,6,1,1
2,36,3,3,10,2316,1
2,31,3,4,6,1,1
2,31,3,4,6,1,1
2,31,3,4,6,1,1
2,31,3,4,6,1,1
1,24,1,2,11,0,1
1,24,1,2,11,0,1
1,24,1,2,11,0,1
1,24,1,2,11,0,1
2,21,1,2,6,32,1
2,27,3,5,6,0,1
2,27,3,5,6,0,1
2,27,3,5,6,0,1
1,24,3,1,6,131,1
1,20,1,1,6,1,1
2,21,1,0,11,1,1
2,21,3,1,11,21,1
2,21,4,0,6,3,1
2,34,1,5,10,13,1
2,49,3,5,5,1,1
2,49,3,5,5,1,1
1,29,1,2,5,282,1
1,29,1,2,5,282,1
1,29,1,2,5,282,1
2,28,1,5,6,1,1
2,28,1,5,6,1,1
2,28,1,5,6,1,1
2,28,1,5,6,1,1
2,28,1,5,6,1,1
2,28,1,5,6,1,1
2,28,1,5,6,1,1
2,28,1,5,6,1,1
2,49,6,7,6,1,1
2,49,6,7,6,1,1
2,32,1,9,11,40,1
2,32,1,9,11,40,1
2,32,1,9,11,40,1
2,32,1,9,11,40,1
2,32,1,9,11,40,1
2,32,1,9,11,40,1
2,54,1,10,6,1,1
2,22,3,0,6,1,1
2,23,1,2,6,1,1
2,23,1,2,6,1,1
2,23,1,2,6,1,1
2,26,3,0,10,2,1
2,22,4,5,6,0,1
2,21,1,0,6,1,1
2,21,1,0,5,1,1
2,23,1,0,6,1,1
2,23,1,0,6,1,1
2,30,1,0,10,1,1
2,35,4,5,6,0,1
1,31,3,3,6,1,1
2,34,1,12,5,64,1
2,42,1,33,6,19,1
2,42,1,33,6,19,1
2,42,1,33,6,19,1
2,38,4,4,6,0,1
1,23,1,0,10,1,1
2,22,3,2,6,127,1
2,22,3,2,6,127,1
1,28,3,1,6,0,1
1,28,3,1,6,0,1
1,28,3,1,6,0,1
1,28,3,1,6,0,1
2,36,3,1,6,1,1
2,23,1,1,6,627,1
2,42,3,3,6,1,1
2,42,3,3,6,1,1
2,23,3,2,6,21,1
2,44,3,7,9,1,1
2,43,1,7,6,26,1
2,37,1,10,6,1,1
2,37,1,10,6,1,1
2,28,1,9,6,1,1
2,28,1,9,6,1,1
2,24,6,5,11,1,1
2,24,6,5,11,1,1
2,28,3,2,10,1735,1
2,56,3,7,6,38,1
2,35,1,0,6,1,1
2,35,1,0,6,1,1
1,39,3,8,6,2,1
1,39,3,8,6,2,1
1,39,3,8,6,2,1
1,39,3,8,6,2,1
1,35,1,2,6,15,1
1,35,1,2,6,15,1
1,35,1,2,6,15,1
1,35,1,2,6,15,1
2,37,1,2,6,1,1
2,37,1,2,6,1,1
2,25,3,2,5,14,1
2,25,3,2,6,1,1
2,25,3,2,6,1,1
1,27,1,3,5,1,1
1,27,1,3,5,1,1
2,25,4,1,10,0,1
1,24,1,1,6,628,1
1,52,1,12,11,823,1
2,25,1,3,6,1,1
2,25,1,3,6,1,1
2,25,1,3,6,1,1
1,31,1,0,6,1,1
1,30,1,4,6,1,1
1,30,1,4,6,1,1
2,30,1,14,9,28,1
2,30,1,14,9,28,1
2,30,1,14,9,28,1
2,30,1,14,9,28,1
2,30,1,14,9,28,1
2,30,1,14,9,28,1
1,27,1,4,6,1,1
1,27,1,4,6,1,1
1,27,3,3,6,1,1
1,27,3,3,6,1,1
2,31,1,0,5,1,1
2,31,1,0,5,1,1
1,21,3,2,10,62,1
1,21,3,2,10,62,1
1,21,3,2,10,62,1
1,21,3,2,10,62,1
1,21,3,2,10,62,1
2,29,3,6,6,4,1
2,29,3,6,6,4,1
2,31,1,1,6,1,1
2,31,1,1,6,1,1
1,22,1,1,6,101,1
1,25,1,4,6,0,1
1,25,1,4,6,0,1
2,49,1,1,11,1,1
2,49,1,1,11,1,1
2,30,1,8,6,1,1
1,27,3,2,6,1,1
1,33,3,1,10,5,1
1,33,3,1,10,5,1
1,33,3,1,10,5,1
2,20,3,0,6,1,1
2,32,1,10,5,1,1
2,32,1,10,5,1,1
2,19,1,2,6,6,1
2,19,1,2,6,6,1
1,21,3,0,6,2,1
2,39,3,17,6,1,1
2,32,3,10,6,1,1
2,32,3,10,6,1,1
2,32,3,10,6,1,1
1,20,1,1,6,1,1
2,23,6,0,10,7,1
2,23,3,4,10,1,1
2,23,3,4,10,1,1
2,42,1,9,6,0,1
2,42,1,9,6,0,1
2,42,1,9,6,0,1
2,42,1,9,6,0,1
2,42,1,9,6,0,1
2,42,1,9,6,0,1
2,53,3,3,6,11,1
1,29,1,1,6,1,1
2,34,1,1,6,38,1
1,31,3,2,6,1,1
1,31,3,2,6,1,1
1,31,3,2,6,1,1
1,31,3,2,6,1,1
1,31,3,2,6,1,1
2,41,1,0,6,1,1
1,31,3,1,5,1,1
2,43,3,4,6,1,1
2,45,1,13,10,1,1
2,45,1,13,10,1,1
2,34,1,6,6,1,1
2,34,1,6,6,1,1
1,23,1,0,6,1,1
1,26,1,5,5,1,1
1,26,1,5,5,1,1
1,26,1,5,5,1,1
2,21,1,1,9,22,1
2,21,1,1,9,22,1
2,32,3,4,6,1,1
2,32,3,4,6,1,1
2,24,1,1,6,1,1
2,24,1,1,6,1,1
1,37,3,7,6,30,1
1,37,3,7,6,30,1
1,21,1,1,10,1,1
2,23,6,7,6,1,1
2,23,6,7,6,1,1
2,23,6,7,6,1,1
1,24,1,2,6,1,1
2,31,3,0,6,1,1
2,24,3,2,11,60,1
2,20,3,0,6,1,1
2,28,3,9,4,134,1
2,28,3,9,4,134,1
2,28,3,9,4,134,1
2,28,3,9,4,134,1
2,28,3,9,4,134,1
2,28,3,9,4,134,1
2,27,1,1,6,1,1
1,38,3,1,10,1,1
1,38,3,1,10,1,1
2,55,3,10,6,1,1
2,55,3,10,6,1,1
2,35,3,5,6,0,1
2,35,3,5,6,0,1
1,24,1,0,11,1,1
2,28,1,5,10,1,1
2,28,1,5,10,1,1
1,21,1,1,6,1,1
1,21,1,1,6,1,1
1,21,1,1,6,1,1
1,25,1,0,6,1,1
2,25,3,6,12,1,1
2,25,3,6,12,1,1
2,40,1,5,6,1971,1
2,50,3,26,6,16,1
2,50,3,26,6,16,1
2,50,3,26,6,16,1
2,28,1,10,6,0,1
2,28,1,10,6,0,1
2,28,1,10,6,0,1
2,33,5,9,10,106,1
2,20,1,0,6,1,1
2,35,1,2,10,1,1
2,37,4,1,5,159,1
2,37,4,1,5,159,1
2,37,4,1,5,159,1
2,21,3,0,6,1,1
2,21,3,0,6,1,1
2,21,3,0,6,1,1
2,53,1,6,11,1,1
2,53,1,6,11,1,1
2,53,1,6,11,1,1
1,23,3,1,10,0,1
2,22,6,0,6,1,1
2,22,6,0,6,1,1
2,22,1,1,4,1,1
2,22,1,1,4,1,1
2,36,1,11,6,1,1
2,36,1,11,6,1,1
2,26,4,9,6,0,1
2,26,4,9,6,0,1
2,26,4,9,6,0,1
1,43,1,1,10,1,1
2,25,3,4,6,687,1
2,26,1,7,5,19,1
2,26,1,7,5,19,1
1,31,1,3,6,1,1
1,31,1,3,6,1,1
2,27,1,9,6,1,1
2,27,1,9,6,1,1
2,27,1,9,6,1,1
2,27,1,9,6,1,1
2,27,1,9,6,1,1
2,27,1,9,6,1,1
1,36,1,5,6,0,1
1,36,1,5,6,0,1
1,27,1,4,6,0,1
2,22,1,3,5,1,1
2,31,1,0,6,1,1
2,20,1,1,5,1,1
2,20,1,1,5,1,1
2,20,1,1,5,1,1
2,25,1,0,11,2,1
1,24,1,0,6,1,1
2,42,3,2,6,68,1
2,42,3,2,6,68,1
2,42,3,2,6,68,1
2,42,3,2,6,68,1
2,42,3,2,6,68,1
1,56,3,10,6,1,1
1,56,3,10,6,1,1
1,56,3,10,6,1,1
1,56,3,10,6,1,1
1,56,3,10,6,1,1
1,56,3,10,6,1,1
1,56,3,10,6,1,1
2,36,1,3,6,0,1
1,23,1,1,6,2,1
1,23,1,1,6,2,1
1,23,1,1,6,2,1
1,23,1,1,6,2,1
2,24,1,1,5,1,1
2,24,1,1,5,1,1
2,24,3,2,6,1,1
2,24,3,2,6,1,1
2,24,1,1,6,1,1
2,33,3,3,6,1,1
2,33,3,3,6,1,1
2,25,3,4,9,60,1
2,50,4,9,10,1,1
2,50,4,9,10,1,1
2,50,4,9,10,1,1
2,50,4,9,10,1,1
2,23,6,2,10,1,1
2,23,6,2,10,1,1
2,23,6,2,10,1,1
2,23,6,2,10,1,1
1,27,3,13,5,1,1
1,27,3,13,5,1,1
2,36,3,2,11,1,1
2,36,3,2,11,1,1
2,31,3,3,6,1,1
2,36,1,7,6,1,1
2,28,1,7,6,0,1
2,28,1,7,6,0,1
1,36,1,5,6,1,1
1,32,1,11,6,0,1
2,58,1,17,6,1,1
2,27,1,0,6,0,1
2,27,1,0,6,0,1
2,27,1,0,6,0,1
2,27,1,0,6,0,1
2,54,1,26,6,1,1
2,31,3,5,6,1,1
2,31,3,5,6,1,1
1,22,3,2,10,1,1
1,22,3,2,10,1,1
1,22,3,2,10,1,1
2,38,1,8,11,2,1
1,23,1,0,6,0,1
2,46,3,7,6,0,1
2,46,3,7,6,0,1
2,47,3,3,11,0,1
2,34,1,27,10,1,1
2,42,1,5,6,1,1
2,42,1,5,6,1,1
2,21,3,0,10,1,1
2,23,1,4,6,1,1
2,23,1,4,6,1,1
2,23,1,4,6,1,1
1,27,3,0,10,0,1
1,36,3,3,6,27,1
1,36,3,3,6,27,1
1,36,3,3,6,27,1
2,69,1,3,5,315,1
2,27,1,2,6,1,1
2,27,1,2,6,1,1
2,27,1,2,6,1,1
2,25,1,9,5,6,1
2,38,6,8,6,1,1
1,36,1,2,10,2,1
2,41,1,5,11,1006,1
2,62,1,1,6,1,1
1,41,3,7,6,81,1
1,41,3,7,6,81,1
2,21,1,1,6,1,1
2,21,1,1,6,1,1
2,21,1,1,6,1,1
2,21,1,1,6,1,1
2,21,1,1,6,1,1
2,49,1,15,10,137,1
2,49,1,0,6,1,1
2,49,1,0,6,1,1
2,23,1,3,5,1,1
2,50,1,2,13,6,1
2,50,1,2,13,6,1
2,50,1,2,13,6,1
1,36,1,3,6,1,1
1,36,1,3,6,1,1
1,36,1,3,6,1,1
1,36,1,3,6,1,1
2,48,1,4,6,1,1
2,48,1,4,6,1,1
2,21,1,1,6,1,1
2,21,1,1,6,1,1
2,32,1,0,6,1,1
2,28,1,4,6,1,1
2,28,1,4,6,1,1
2,34,1,14,5,11,1
2,56,1,17,10,25,1
2,30,6,5,6,1,1
2,30,6,5,6,1,1
2,30,6,5,6,1,1
2,30,6,5,6,1,1
1,36,1,6,10,520,1
2,33,3,1,6,1,1
2,33,3,1,6,1,1
2,33,3,1,6,1,1
1,22,1,2,5,1,1
1,27,1,12,6,1,1
1,27,1,12,6,1,1
1,27,1,12,6,1,1
1,27,1,12,6,1,1
2,33,1,3,6,1,1
2,33,1,3,6,1,1
2,33,1,3,6,1,1
2,33,1,3,6,1,1
2,33,1,3,6,1,1
2,33,1,3,6,1,1
1,38,1,2,6,1,1
2,24,3,3,5,1,1
2,24,3,3,5,1,1
1,43,3,0,10,1,1
1,26,6,1,10,1349,1
1,26,6,1,10,1349,1
2,34,3,5,6,2,1
2,34,3,5,6,2,1
2,34,3,5,6,2,1
2,34,3,5,6,2,1
1,28,3,0,6,1,1
1,28,3,0,6,1,1
2,21,3,1,6,1,1
2,21,3,1,6,1,1
1,32,1,3,6,1,1
1,32,1,3,6,1,1
2,21,1,0,6,1,1
2,38,1,11,6,1,1
2,33,3,3,9,0,1
2,33,3,0,6,0,1
2,29,3,7,6,15,1
1,37,1,4,12,1,1
1,33,3,1,6,1,1
2,27,1,2,6,1,1
1,29,1,9,6,1,1
1,29,1,9,6,1,1
2,45,1,14,5,497,1
2,45,1,14,5,497,1
2,31,3,1,6,1,1
2,37,1,11,10,1,1
2,37,1,11,10,1,1
2,53,1,13,5,1,1
2,27,1,6,6,0,1
2,27,1,6,6,0,1
2,27,1,6,6,0,1
2,27,1,6,6,0,1
2,27,1,6,6,0,1
2,27,1,6,6,0,1
2,27,1,6,6,0,1
2,27,1,6,6,0,1
2,27,1,6,6,0,1
2,39,3,9,6,1,1
2,39,3,9,6,1,1
2,39,3,9,6,1,1
2,25,3,0,6,1,1
2,26,4,1,6,0,1
1,28,3,0,12,2,1
2,25,1,0,10,1,1
2,22,3,2,6,3,1
1,29,3,1,10,2,1
1,29,3,1,10,2,1
1,29,3,1,10,2,1
1,29,3,1,10,2,1
1,29,3,1,10,2,1
1,29,3,1,10,2,1
2,33,1,8,6,0,1
2,21,1,0,5,1,1
2,21,1,0,5,1,1
2,59,1,22,6,1,1
2,59,1,22,6,1,1
2,59,1,22,6,1,1
2,59,1,22,6,1,1
2,29,6,4,10,1,1
2,29,6,4,10,1,1
2,29,6,4,10,1,1
2,57,1,9,6,90,1
2,32,3,0,11,1,1
2,32,3,0,11,1,1
2,42,1,10,6,1,1
2,42,1,10,6,1,1
2,52,1,23,6,0,1
2,23,1,6,6,0,1
2,23,1,6,6,0,1
2,23,1,6,6,0,1
2,23,1,6,6,0,1
2,23,1,6,6,0,1
2,23,1,6,6,0,1
2,23,1,6,6,0,1
2,23,1,6,6,0,1
2,23,1,6,6,0,1
2,23,1,6,6,0,1
2,36,3,7,11,487,1
2,36,3,7,11,487,1
2,36,3,7,11,487,1
2,38,3,12,5,1,1
2,42,1,0,6,1,1
2,21,1,0,6,1,1
1,35,3,1,10,30,1
2,37,3,0,6,1,1
2,35,4,5,10,1,1
2,40,1,3,6,1,1
2,32,3,3,6,1,1
2,32,3,3,6,1,1
2,32,3,3,6,1,1
2,32,3,3,6,1,1
2,32,1,10,6,1,1
1,23,3,0,12,1,1
2,32,1,6,10,1,1
2,32,1,6,10,1,1
2,32,1,6,10,1,1
2,32,1,6,10,1,1
2,38,4,1,11,1,1
2,36,1,14,6,1,1
2,36,1,14,6,1,1
2,36,1,14,6,1,1
2,44,3,4,10,231,1
2,44,3,4,10,231,1
1,29,3,3,10,318,1
2,21,1,1,6,1,1
2,21,1,1,6,1,1
2,21,1,1,6,1,1
2,21,1,1,6,1,1
2,22,1,2,10,105,1
2,40,1,21,6,1,1
2,21,3,4,10,1,1
2,27,3,13,6,89,1
1,33,3,0,10,1,1
1,33,3,0,10,1,1
1,33,3,0,10,1,1
1,33,3,0,10,1,1
1,33,3,0,10,1,1
1,33,3,0,10,1,1
2,31,1,9,10,1,1
2,31,1,9,10,1,1
2,31,1,9,10,1,1
2,23,1,2,5,1,1
2,23,1,2,5,1,1
2,23,1,2,5,1,1
2,23,1,2,5,1,1
2,55,1,12,6,70,1
2,33,1,4,6,1,1
2,33,1,4,6,1,1
1,42,1,5,11,0,1
2,65,1,7,10,1,1
2,65,1,7,10,1,1
2,23,1,0,5,1,1
2,23,1,0,5,1,1
2,38,3,5,6,3,1
2,38,3,5,6,3,1
2,38,3,5,6,3,1
2,38,3,5,6,3,1
1,36,1,4,10,1,1
1,36,1,4,10,1,1
2,35,3,3,6,1,1
2,31,6,6,6,659,1
2,22,3,0,6,1,1
2,22,3,0,6,1,1
2,52,4,10,6,1,1
2,52,4,10,6,1,1
2,23,4,3,10,292,1
2,29,3,2,5,1,1
2,43,1,8,6,1,1
2,43,1,8,6,1,1
2,45,1,20,11,0,1
2,45,1,20,11,0,1
2,42,1,10,11,17,1
2,42,1,10,11,17,1
2,22,1,1,6,1,1
2,25,1,2,6,1,1
2,25,1,2,6,1,1
2,25,1,2,6,1,1
2,25,1,2,6,1,1
2,25,1,2,6,1,1
2,25,3,0,10,2,1
2,25,3,0,10,2,1
2,25,3,0,10,2,1
2,23,1,0,6,1,1
2,23,1,0,6,1,1
2,21,3,2,6,1,1
2,21,3,2,6,1,1
2,21,3,2,6,1,1
2,31,3,3,10,0,1
2,26,1,1,6,214,1
2,26,1,1,6,214,1
2,27,3,1,11,150,1
2,26,1,3,6,1,1
2,32,1,1,6,115,1
2,32,1,1,6,115,1
2,29,1,0,10,0,1
2,34,3,16,6,1,1
2,24,1,1,6,0,1
1,31,3,3,6,146,1
1,31,3,3,6,146,1
1,31,3,3,6,146,1
1,31,3,3,6,146,1
2,25,4,2,6,1,1
2,25,4,2,6,1,1
2,25,4,2,6,1,1
2,25,4,2,6,1,1
2,31,1,4,6,12,1
2,31,1,4,6,12,1
2,26,3,2,6,1,1
2,26,3,2,6,1,1
1,30,6,4,6,1,1
1,30,6,4,6,1,1
2,25,1,0,5,1,1
1,29,3,2,6,1,1
1,29,3,2,6,1,1
1,29,3,2,6,1,1
2,24,1,2,6,1,1
1,21,1,0,6,2,1
1,21,1,0,6,2,1
2,32,3,4,6,47,1
2,32,3,4,6,47,1
2,24,4,3,10,8,1
1,29,1,1,6,1,1
1,32,1,3,10,1,1
2,56,1,18,5,3,1
2,56,1,18,5,3,1
2,39,1,6,10,1,1
2,38,1,2,10,66,1
2,38,1,2,10,66,1
1,28,3,1,6,1,1
1,28,3,1,6,1,1
1,28,3,1,6,1,1
2,44,1,0,10,1,1
2,44,1,0,10,1,1
2,53,4,1,6,29,1
2,26,3,1,6,1,1
2,26,3,1,6,1,1
2,26,3,1,6,1,1
2,39,1,5,11,459,1
2,39,1,5,11,459,1
2,36,3,4,10,465,1
2,21,1,1,5,15,1
2,21,1,1,5,15,1
2,21,1,1,5,15,1
2,44,3,2,6,1,1
2,44,3,2,6,1,1
1,43,3,1,6,1,1
2,22,1,1,5,1,1
2,33,3,5,6,1,1
2,33,3,5,6,1,1
2,33,3,5,6,1,1
2,39,3,6,6,1,1
2,24,3,1,6,5,1
2,32,4,1,6,0,1
1,23,1,0,6,1,1
2,34,3,8,6,104,1
2,34,3,8,6,104,1
1,39,1,4,6,3,1
1,39,1,4,6,3,1
2,22,3,1,6,4,1
2,34,6,4,6,1,1
2,34,6,4,6,1,1
2,34,6,4,6,1,1
2,23,1,2,6,1,1
2,23,1,2,6,1,1
2,23,3,2,6,1,1
2,23,3,2,6,1,1
2,23,3,2,6,1,1
2,23,3,2,6,1,1
2,58,3,2,6,1,1
2,23,1,1,10,1,1
1,50,3,5,11,13,1
1,50,3,5,11,13,1
2,57,1,19,6,1,1
2,57,1,19,6,1,1
2,57,1,19,6,1,1
2,57,3,12,10,1,1
2,57,3,12,10,1,1
2,29,1,6,10,1,1
2,29,1,6,10,1,1
2,29,1,6,10,1,1
2,42,3,0,6,0,1
2,44,4,8,6,19,1
2,41,1,3,6,1453,1
1,34,3,3,10,1,1
2,53,1,26,6,5,1
2,27,1,4,6,1,1
1,24,3,8,5,1,1
2,44,1,7,6,49,1
2,44,1,7,6,49,1
2,44,1,7,6,49,1
2,21,1,1,6,414,1
2,21,1,1,6,414,1
2,27,1,7,6,1,1
2,29,1,0,6,1,1
2,46,1,1,10,1,1
2,46,1,1,10,1,1
1,41,3,3,6,1,1
2,26,1,3,5,1,1
2,26,1,3,5,1,1
2,26,1,3,5,1,1
1,54,3,7,6,98,1
2,21,1,1,5,1,1
2,27,4,1,11,1,1
2,27,4,1,11,1,1
1,21,4,0,6,2,1
2,31,1,3,4,0,1
2,37,1,6,10,552,1
2,33,1,0,10,1,1
2,22,1,0,6,1,1
2,22,1,0,6,1,1
2,20,1,0,6,1,1
2,20,1,0,6,1,1
2,20,1,0,6,1,1
2,29,1,0,11,1,1
2,25,1,10,9,1,1
1,20,4,2,6,7,1
2,35,1,4,12,20,1
2,20,3,1,11,1,1
2,20,3,1,11,1,1
1,50,1,12,10,289,1
2,34,3,2,6,1,1
2,34,3,2,6,1,1
1,23,1,5,6,1,1
2,44,3,6,6,1,1
2,36,1,17,11,11,1
2,36,1,17,11,11,1
2,36,1,17,11,11,1
2,26,1,0,10,1,1
2,26,1,0,10,1,1
2,26,1,0,10,1,1
1,23,3,2,10,1,1
1,27,1,1,6,0,1
2,42,1,1,10,12,1
1,24,3,3,10,1,1
1,24,3,3,10,1,1
2,19,3,0,10,1,1
2,25,1,1,6,1,1
1,37,3,8,6,44,1
1,37,3,8,6,44,1
1,23,1,2,5,1,1
2,38,3,5,11,18,1
2,38,3,5,11,18,1
2,38,3,5,11,18,1
2,49,1,1,6,1,1
1,45,1,3,6,6594,1
2,28,4,3,6,1,1
2,28,4,3,6,1,1
2,28,4,3,6,1,1
2,42,1,17,10,0,1
2,42,1,17,10,0,1
2,42,1,17,10,0,1
2,42,1,17,10,0,1
2,42,1,17,10,0,1
2,42,1,17,10,0,1
1,31,1,1,6,1,1
1,31,1,1,6,1,1
2,32,1,9,10,1,1
2,32,1,9,10,1,1
2,32,1,9,10,1,1
2,53,1,1,6,1,1
2,28,1,5,5,1,1
2,22,1,0,6,1,1
2,32,1,0,10,1,1
2,21,4,1,6,1,1
2,21,4,1,6,1,1
2,21,4,1,6,1,1
1,62,6,1,6,2,1
2,21,1,0,6,1,1
2,21,1,0,6,1,1
2,21,1,0,6,1,1
1,38,3,5,6,1,1
1,38,3,5,6,1,1
1,38,3,5,6,1,1
2,60,1,0,6,1,1
2,25,3,1,5,51,1
2,31,1,1,11,1,1
2,31,1,1,11,1,1
1,25,3,6,6,0,1
2,56,1,14,6,1,1
1,20,1,0,10,1,1
2,35,1,1,10,4272,1
2,61,1,13,6,1,1
2,61,1,13,6,1,1
2,61,1,13,6,1,1
1,21,1,0,6,1,1
2,38,1,9,6,1,1
2,29,4,6,6,1,1
2,20,3,0,6,1,1
2,20,3,0,6,1,1
2,20,3,0,6,1,1
2,20,3,0,6,1,1
2,41,3,0,6,1,1
2,36,3,9,6,0,1
2,32,1,3,10,653,1
2,29,3,3,6,1,1
2,29,3,3,6,1,1
2,23,4,2,6,1,1
1,26,3,2,10,0,1
2,32,4,0,6,1,1
2,51,1,14,6,11,1
2,51,1,14,6,11,1
2,27,1,2,11,1,1
2,27,1,2,11,1,1
2,27,1,2,11,1,1
2,49,1,11,10,1,1
2,49,1,11,10,1,1
2,28,3,5,10,183,1
2,28,3,5,10,183,1
2,54,3,13,6,144,1
2,54,3,13,6,144,1
2,54,1,3,6,1,1
2,54,1,3,6,1,1
2,54,1,3,6,1,1
2,54,1,3,6,1,1
2,24,1,1,6,1,1
2,30,1,6,10,0,1
2,30,1,6,10,0,1
2,36,3,2,6,1219,1
2,26,1,4,5,1,1
2,26,1,1,10,1,1
2,26,1,1,10,1,1
2,27,3,2,6,1,1
2,27,3,2,6,1,1
2,41,1,16,6,1,1
2,41,1,16,6,1,1
2,41,1,16,6,1,1
2,41,1,16,6,1,1
2,22,3,1,6,1,1
2,22,3,1,6,1,1
2,28,1,3,6,0,1
2,33,1,13,6,1,1
2,33,1,13,6,1,1
2,33,1,13,6,1,1
2,33,1,13,6,1,1
2,33,1,13,6,1,1
2,30,1,1,6,305,1
2,30,1,1,6,305,1
1,24,1,2,10,1,1
1,24,1,2,10,1,1
1,24,1,2,10,1,1
1,29,3,6,6,2,1
1,29,3,6,6,2,1
1,29,3,6,6,2,1
1,29,3,6,6,2,1
2,24,1,1,10,1,1
2,46,4,15,6,119,1
2,31,4,4,6,1,1
2,31,4,4,6,1,1
1,24,1,3,6,0,1
1,24,1,3,6,0,1
2,58,1,12,10,1723,1
2,58,1,12,10,1723,1
2,58,1,12,10,1723,1
2,20,1,0,10,0,1
1,42,3,3,6,3,1
1,42,3,3,6,3,1
1,42,3,3,6,3,1
1,29,3,1,6,1,1
1,29,3,1,6,1,1
1,29,3,1,6,1,1
2,29,1,4,6,76,1
2,29,1,4,6,76,1
2,36,1,4,5,1,1
2,36,1,4,5,1,1
2,24,1,1,11,1,1
2,28,3,5,6,0,1
2,29,3,4,10,1,1
2,29,3,4,10,1,1
2,29,3,4,10,1,1
2,29,3,4,10,1,1
2,51,1,11,10,1,1
2,51,1,11,10,1,1
2,51,1,11,10,1,1
2,34,1,1,6,1,1
1,24,1,4,10,28,1
2,35,3,0,6,0,1
2,59,1,15,10,1,1
2,59,1,15,10,1,1
2,59,1,15,10,1,1
2,34,1,12,6,1,1
1,21,1,0,6,0,1
2,34,1,7,6,1,1
2,58,3,4,6,0,1
2,20,1,1,10,3,1
2,20,1,1,10,3,1
2,22,1,0,6,1,1
2,25,1,3,6,16,1
2,25,1,3,6,16,1
2,27,1,8,10,1,1
2,27,1,8,10,1,1
2,29,1,1,10,1,1
2,34,3,3,10,0,1
2,28,1,1,10,1248,1
2,29,3,1,6,50,1
2,29,3,1,6,50,1
2,29,3,1,6,50,1
2,29,3,1,6,50,1
2,29,3,1,6,50,1
1,26,1,1,6,1,1
1,39,3,11,6,1,1
1,39,3,11,6,1,1
1,39,3,11,6,1,1
2,29,1,6,6,0,1
2,29,1,6,6,0,1
1,33,1,5,6,1,1
1,33,1,5,6,1,1
2,23,1,0,10,1,1
2,23,4,2,5,1,1
2,23,4,2,5,1,1
2,23,4,2,5,1,1
2,21,1,1,6,1,1
2,21,1,1,6,1,1
2,56,1,12,6,1,1
2,56,1,12,6,1,1
2,56,1,12,6,1,1
2,24,1,2,11,394,1
2,24,1,2,11,394,1
2,59,1,5,11,1782,1
2,31,3,4,10,1,1
2,31,3,4,10,1,1
2,31,3,4,10,1,1
2,31,3,4,10,1,1
2,54,1,7,6,1,1
2,19,1,0,6,0,1
2,31,1,0,6,1,1
2,31,1,0,6,1,1
1,53,3,6,6,1,1
1,53,3,6,6,1,1
1,53,3,6,6,1,1
1,53,3,6,6,1,1
1,27,1,1,6,1,1
2,24,1,0,10,1,1
